Cost,Name,Sales Price,Product Category,Barcode
167.0,Sheglam Take A Hint Lip Tint - Birthday Lips,285.0,Lipstick,6971053496192
301.0,"
Kesh King Organic Castor Shampoo - 300ml ",525.0,Shampoo,8901248230117
73.0, Mood  Santorini Body Lotion,115.0,Skin care,6223007903356
30.0,AYN-Bird Box Lashes,80.0,False Lashes,6970608888154
30.0,AYN-Crown Princess Lashes,80.0,False Lashes,6970608885603
65.0,AYN-Makeup removing wipes,170.0,Skin care,6950616366172
65.0,AYN-Makeup removing wipes,170.0,Skin care,6950616320082
22.0,AYN-Makeup removing wipes,60.0,Skin care,6947474144745
65.0,AYN-Makeup removing wipes,170.0,Skin care,6950616388662
45.0,AYN-Mink Lashes,115.0,False Lashes,6970608889335
40.0,AYN-Miss Julie Lashes,105.0,False Lashes,6970600165574
25.0,AYN-Queen Eyelashes,65.0,False Lashes,6970608901969
22.0,AYN-lashes,60.0,False Lashes,6960037160952
158.0,"Adidas - Pure Game 3-In-1 Body, Hair, Face Shower Gel For Men 400ml",280.0,Shower Gel,3616303459048
118.0,Adidas Spray 150 ml 72 hours Adipo,210.0,Hygiene,3614224051136
118.0,Adidas Spray 150 ml for men Champio,210.0,Hygiene,3616301787860
158.0,Adidas Team Force Shower Gel 400 ml,280.0,Shower Gel,3607340718335
118.0,Adidas Victory Leagu Spray 150 ml,210.0,Hygiene,3607345380292
158.0,Adidas shower gel 400 ml Victory 1×3,280.0,Shower Gel,3616303459147
76.0,Althaea Shower Foam 750ml,135.0,Shower Gel,8018702005065
132.0,Amanda Concealer ,215.0,Concealer,6221113507192
132.0,Amanda Concealer ,215.0,Concealer,6221113507208
128.0,Amanda Diva Matt Twist Up Lip Pen ,210.0,Lipstick,6221113512080
128.0,Amanda Diva Matt Twist Up Lip Pen ,210.0,Lipstick,6221113512185
128.0,Amanda Diva Twist Matte Lipstick,210.0,Lipstick,6221113512189
140.0,Amanda Full Coverage Concealer Teint Perfection No.05,230.0,Concealer,6221113515845
140.0,Amanda Full Coverage Concealer Teint Perfection No.06,230.0,Concealer,6221113515852
140.0,Amanda Full Coverage Concealer Teint Perfection No.07,230.0,Concealer,6221113515869
176.0,Amanda Milano Garden Coconut Crush Limited Edition Body Splash,285.0,Hygiene,6221113515623
176.0,Amanda Milano Garden Golden Amber Body Splash,285.0,Hygiene,6221113512646
176.0,Amanda Milano Garden La Vie en Rose Body Splash,285.0,Hygiene,6221113512561
176.0,Amanda Milano Garden Love Heaven Body Splash,285.0,Hygiene,6221113514817
176.0,Amanda Milano Garden Pinky Candy Body Splash ,285.0,Hygiene,6221113512639
176.0,Amanda Milano Garden Romantic Seduction Body Splash,285.0,Hygiene,6221113512622
176.0,Amanda Milano Garden Sexy Bomb Body Splash,285.0,Hygiene,6221113514800
176.0,Amanda Milano Garden Sweet Rose Body Splash,285.0,Hygiene,6221113512578
196.0,Amanda Milano Liquid Blush,320.0,Blusher,6221113514541
196.0,Amanda Milano Liquid Blush,320.0,Blusher,6221113515326
140.0,Amanda Milano Teint Perfection Full Coverage Concealer,230.0,Concealer,6221113515814
140.0,Amanda Milano Teint Perfection Full Coverage Concealer,230.0,Concealer,6221113515807
64.0,Amanda Nail Polish Gel No. 130 Last & Shin,110.0,Nail Polish,6221113501367
64.0,Amanda Nail Polish Gel No. 457 Last & Shin,110.0,Nail Polish,6221113501862
64.0,Amanda Nail Polish Gel No. 495 Last & Shin,110.0,Nail Polish,6221113501961
64.0,Amanda Nail Polish Gel No. 505 Last & Shin,110.0,Nail Polish,6221113502043
64.0,Amanda Nail Polish Gel No. 6 Last & Shine,110.0,Nail Polish,6221113501053
64.0,Amanda Nail Polish Gel No. 608 Last & Shin,110.0,Nail Polish,6221113515104
64.0,Amanda Nail Polish Gel No. 609 Last & Shine,110.0,Nail Polish,6221113515111
64.0,Amanda Nail Polish Gel No. 610 Last & Shin,110.0,Nail Polish,6221113515128
64.0,Amanda Nail Polish Gel No. 618 Last & Shin,110.0,Nail Polish,6221113515203
64.0,Amanda Nail Polish Gel No. 640 Last & Shin,110.0,Nail Polish,6221113515425
64.0,Amanda Nail Polish Gel No. 646 Last & Shin,110.0,Nail Polish,6221113516002
64.0,Amanda Nail Polish Gel No. 656 Last & Shin,110.0,Nail Polish,6221113516101
64.0,Amanda Nail Polish Gel No. 661 Last & Shin,110.0,Nail Polish,6221113516156
60.0,Amanda Nail Polish No. 22 O2,105.0,Nail Polish,6221113513223
60.0,Amanda Nail Polish No. 32 O2,105.0,Nail Polish,6221113513322
60.0,Amanda Nail Polish No. 44 O2,105.0,Nail Polish,6221113514619
128.0,Amanda Nude Nation Lipstick,210.0,Lipstick,6221113513742
128.0,Amanda Nude Nation Lipstick,210.0,Lipstick,6221113513834
128.0,Amanda Nude Nation Lipstick,210.0,Lipstick,6221113513766
128.0,Amanda Nude Nation Lipstick,210.0,Lipstick,6221113513759
124.0,Amanda Super long wear Lip Pen Matt ,200.0,Lipstick,No Barcode
185.0,Argento Sun Block Lotion 50 ml (2 pcs offer),280.0,Skin care,6224010520110
200.0,Argento skin cleanser 200 ml (offer 2 pieces).,350.0,Skin care,6224010520141
258.0,Argento sun block lotion 100 ml (offer 2,405.0,Skin care,6224010520103
118.0,Aussie Repair Miracle Shampoo 300 ml,210.0,Shampoo,4084500654860
118.0,Aussie Shampoo 300 ml Color Mate,210.0,Shampoo,5410076390458
92.5,Aussie Shampoo 300 ml Mega,165.0,Shampoo,5410076390427
138.0,Aussie Shine O Serum 100 ml,240.0,Hair,8001841041254
118.0,Aussome Volume Shampoo 300 ml,210.0,Shampoo,5410076390717
158.0,Axe Shower 400 ml Ax Anti Hangov,280.0,Shower Gel,8710447289389
108.0,Axe Spray 150 ml 48 hours Ax Go,190.0,Hygiene,8720181114519
108.0,Axe Spray 150 ml 48 hours Dark Te,190.0,Hygiene,8720181114496
108.0,Axe Spray 150 ml 48 hours Gold,190.0,Hygiene,6001087375115
108.0,Axe Spray 150 ml Ax Musk,190.0,Hygiene,8720181114557
275.0,"Ayurvedic Anti Dandruff Shampoo 340 ml - Kesh King
",480.0,Shampoo,8901248240390
150.0,BG Roll On 50 ml for women BG Cool,265.0,Hygiene,6224001416248
150.0,BG Roll-On 50 ml for men BG Vanil,265.0,Hygiene,6224001416262
150.0,BG Roll-on 50 ml for women BG Hype,265.0,Hygiene,6224001416255
510.0,"Balea More Blond Lightening Hair Spray, With PLEX Technology (150ml)",560.0,Hair,4066447241006
45.0,Balea Wet Wipes 10 Antibacterial Wipes Ba,80.0,Hygiene,4010355061225
606.0,Banana Boat Cool Zone Facial Spray Sunscreen 50 SPF 170 g,890.0,Skin care,079656603682
415.0,Banana Boat Deep Golden Tanning Oil 236ml packaging may vary,690.0,Skin care,079656400137
415.0,Banana Boat Golden Tanning Blend,690.0,Skin care,79656400106
485.0,Banana Boat Simply Protect Sport Sunscreen Lotion,710.0,Skin care,079656631074
606.0,"Banana Boat Spray 170 grams, protection from smell",890.0,Skin care,079656631050
485.0,Banana Boat Sunscreen Lotion Kids SPF 50+,710.0,Skin care,079656631111
30.0,Bath&Bodies Worker A Thousand Wishes,100.0,Hygiene,2462365103
30.0,Bath&Bodies Worker Dahlia,100.0,Hygiene,2462365105
30.0,Bath&Bodies Worker Endless Weekend,100.0,Hygiene,2462365093
30.0,Bath&Bodies Worker Moon Light Path,100.0,Hygiene,2462365095
30.0,Bath&Bodies Worker Twilight Woods,100.0,Hygiene,2462365099
30.0,Bath&Bodies Worker Warm Vanilla Sugar,100.0,Hygiene,2462365094
544.0,Beesline Sensitive Zone Cream,845.0,Skin care,5281018087459
465.0,Beesline Sun Block 60 ml + Roll On 50 ml,710.0,Skin care,5281018712153
465.0,Beesline Sun Block 60 ml + Roll On 50 ml,710.0,Skin care,5281018715918
465.0,Beesline Sun Block 60 ml + Roll On 50 ml,710.0,Skin care,5281018715895
339.0,Beesline Whitening Intimate Wash,520.0,Skin care,5281018003244
418.0,Beesline Whitening Roll-On Deodorant - Cool Breeze 48hr,650.0,Hygiene,5281018086087
418.0,Beesline Whitening Roll-On Deodorant - Cotton Candy,650.0,Hygiene,5281018086810
418.0,Beesline Whitening Roll-On Deodorant - Elder Rose,650.0,Hygiene,5281018086094
418.0,Beesline Whitening Roll-On Deodorant - Hair Delaying,650.0,Hygiene,5281018086063
418.0,Beesline Whitening Roll-On Deodorant - Instant White,650.0,Hygiene,5281018719107
418.0,Beesline Whitening Roll-On Deodorant - Invisible Touch,650.0,Hygiene,5281018086827
418.0,Beesline Whitening Roll-On Deodorant - Pacific Islands,650.0,Hygiene,5281018086834
418.0,Beesline Whitening Roll-On Deodorant - Silver Power,650.0,Hygiene,5281018719022
418.0,Beesline Whitening Roll-On Deodorant - Super Dry,650.0,Hygiene,5281018719008
165.0,"Bio Extratus Bio gold scrub for women, 500 ml",295.0,Skin care,3587925333033
168.0,Bio Gentle Scrub 500 ml with apricot Bio G,295.0,Skin care,5060040702512
168.0,Bio Gentle Scrub 500 ml with coffee Bio Ge,295.0,Skin care,5060040702529
159.0,Biolex scrub 500 ml with sandalwood,280.0,Skin care,6294015113587
159.0,Biolex scrub 500 ml with walnuts and grapes,280.0,Skin care,3587925333040
30.0,Bless Acetone 120 ml Bless,50.0,Nail Polish,6224009072712
92.0,Bless conditioner 300 ml for curly hair,165.0,Hair,6224009072774
63.0,Bless conditioner 300 ml with argan Bless,110.0,Conditioner,6224009072835
63.0,Bless conditioner 300 ml with shea,110.0,Conditioner,6224009072811
92.0,Bless shampoo 300 ml for curly hair,165.0,Shampoo,6224009072859
63.0,Bless shampoo 300 ml with argan Bless,110.0,Shampoo,6224009072828
178.0,Bobai Sun Block Gel 50g Bobai SPF,285.0,Skin care,6224010337343
246.0,Bobai Sun Screen Hydrocare Gel Spf 50+ 1+1 Offer,360.0,Skin care,6223012632746
158.0,Bobai Sunscreen Kids SPF 30 Lotion,325.0,Skin care,6224008073642
19.0,Bobana Deep Purifying Skin Mask Mask,35.0,Skin care,6222019611051
19.0,Bobana skin mask with collagen and vitamin extract,35.0,Skin care,6222019611075
19.0,Bobana skin mask with pomegranate extract and L-acid,35.0,Skin care,6222019611068
132.0,Bodylicious Jasmine Bloom Body Lotion,210.0,Skin care,6224010559301
132.0,Bodylicious Pink Vanilla Fusion Body Lotion,210.0,Skin care,6224010559271
196.0,"Bourjois Red Edition Lipstick - 02 Beige Trench, 0.12 Oz",345.0,Lipstick,3052503230221
548.0,"Bourjois Red Edition Velvet Lipstick - 02 Frambourjoise, 0.26 Oz",820.0,Lipstick,3052503260211
548.0,Bourjois Rouge Edition Velvet Lipstick 03 Hot Pepper,820.0,Lipstick,3052503260310
196.0,Bourjois Rouge No. 03 Bourjois Rouge,345.0,Lipstick,3052503230320
548.0,Bourjois Rouge No. 04 Bourjois Peach,820.0,Lipstick,3052503260419
196.0,Bourjois Rouge No. 04 Bourjois Rouge,345.0,Lipstick,3052503230429
505.0,Bourjois Rouge No. 05 Bourjois Rouge,750.0,Lipstick,3052503230528
196.0,Bourjois Rouge No. 07 Bourjois Rouge,345.0,Lipstick,3052503230726
196.0,Bourjois Rouge No. 13,345.0,Lipstick,3052503231327
548.0,Bourjois Rouge No. 16 Bourjois Edition,820.0,Lipstick,3052503261614
196.0,Bourjois Rouge No. 18 Bourjois Rouge,345.0,Lipstick,3052503231822
548.0,Bourjois Rouge Stick No. 08 Bourjois Ve,820.0,Lipstick,3614224102975
548.0,Bourjois Rouge Stick No. 10 Bourjois Ve,820.0,Lipstick,3614224102999
1385.0,"Braun hair removal machine, 1 blade, Braun number",2060.0,Devices,4210201656081
1615.0,"Braun hair removal machine, 3 blades + 1 attachment",2360.0,Devices,4210201049753
2215.0,"Braun hair removal machine, 3 blades + 2 attachments",3120.0,Devices,4210201190264
2215.0,"Braun hair removal machine, 3 blades + 3 accessories",3120.0,Devices,4210201223511
181.0,CHI Curl Preserve System Low PH Treatment,300.0,Shampoo,633911660676
248.0,Cantu Flaxseed Olive Almond Castor Avocado Smoothing Oil,370.0,Hair,817513019852
360.0,Cantu Guava & Ginger Treatment Serum,595.0,Hair,810006942514
413.0,Cantu Shea Butter Coconut Oil Shine & Hold Mist,685.0,Hair,817513010064
347.0,Cantu Shea Butter Natural Hair Coil Calm Detangler,605.0,Hair,817513015342
329.0,Cantu Shea Butter Tea Tree & Jojoba Hair & Scalp Oil,570.0,Hair,856017000089
466.0,Cantu bath cream 340 grams with shea butter,760.0,Hair,817513010040
372.0,Cantu conditioner 400 ml for normal hair with shea butter,650.0,Conditioner,817513015328
372.0,Cantu conditioner 400 ml for normal hair with shea butter,650.0,Conditioner,817513019883
372.0,Cantu hair conditioner 400 ml with guava and ginger,650.0,Conditioner,810006943900
349.0,Cantu shampoo 400 ml for normal hair with shea butter,610.0,Shampoo,817513015311
371.0,Cantu shampoo 400 ml with shea butter and faux oil,650.0,Shampoo,817513019876
280.0,"Cantu shampoo, conditioner and shower 400 ml 3*1 for",495.0,Shampoo,817513016769
36.0,Care & More Coconut Lip Butter,60.0,Skin care,6223004686061
13.0,Care & More Original Lip Balm,25.0,Skin care,6223004687884
29.0,Care & More Skin Cream 75 ml Strawberry Ca,50.0,Skin care,6223004687235
29.0,Care & More Skin Cream 75 ml Tropical Ca,50.0,Skin care,6223004680144
29.0,Care & More Skin Cream 75 ml with Glycerin for the core,50.0,Skin care,6223004687136
29.0,Care & More Skin Cream 75ml Coconut C,50.0,Skin care,6222042300144
190.0,Care shower 532 ml with rosehip flower,330.0,Shower Gel,011111110939
190.0,Caress Shower 532 ml with white peach for skin,330.0,Shower Gel,011111774186
345.0,Carrot Sun Baby Sun Block 200 ml for children,605.0,Skin care,5287000375603
374.0,Carrot Sun Junior Sun Block 200 ml for gentleness,655.0,Skin care,5287000375597
328.0,Catrice 3D Brow Gel,535.0,Eyebrow,4059729246189
298.0,Catrice Liquid Camouflage Concealer,455.0,Concealer,4250947544686
298.0,Catrice Liquid Camouflage Concealer,455.0,Concealer,4250947563618
298.0,Catrice Liquid Camouflage Concealer,455.0,Concealer,4250947544662
298.0,Catrice Liquid Camouflage Concealer,455.0,Concealer,4251232284324
459.0,Catrice Liquid Foundation No. 010 Catric,700.0,Foundation,4250947598283
459.0,Catrice Liquid Foundation No. 030 Catric,700.0,Foundation,4250947598306
459.0,Catrice Liquid Foundation No. 036 Catric,700.0,Foundation,4059729034410
459.0,Catrice Liquid Foundation No. 046 Catric,700.0,Foundation,4059729034465
348.0,Catrice Supe Eyebrow Fixing Gel,610.0,Eyebrow,4059729357823
420.0,Catrice foundation with Hyaluronic acid - 30ml - No 010,635.0,Foundation,4059729277206
420.0,Catrice foundation with Hyaluronic acid - 30ml - No 015,635.0,Foundation,4059729282026
420.0,Catrice foundation with Hyaluronic acid - 30ml - No 033,635.0,Foundation,4059729282033
420.0,Catrice foundation with Hyaluronic acid - 30ml - No 046,635.0,Foundation,4059729282040
88.0,Ciao Aqua Resist Matt Liquid Liner,145.0,Eye Liner,6221113608431
16.0,Ciao Color Me Lip Care,25.0,Skin care,6221113211426
72.0,Ciao Powder Blusher ,115.0,Blusher,6221113604808
72.0,Ciao Speedy Volume Mascara ,115.0,Mascara,6221113607755
238.0,Clary Hair Mask,405.0,Hair,6224008073482
158.0,Cleanians Solari Shams Spray 450 ml,280.0,Skin care,8003510030255
99.0,Crystal Ravita Conditioner 500 ml with Macadamia Oil,175.0,Conditioner,6223013450110
99.0,Crystal Ravita Shampoo 500 ml with Macadam Oil,175.0,Shampoo,6223013450103
110.0,Crystal Ravita Shower 1000 ml Aloe Vera Cris,195.0,Shower Gel,6223013450561
110.0,Crystal Ravita Shower 1000 ml honey and yogurt,195.0,Shower Gel,6223013450615
122.0,Cussons Shower 500ml Aloevera,215.0,Shower Gel,5000101963957
159.0,Customers who viewed this item also viewed,280.0,Skin care,3587925333057
158.0,Cybele Cozy Eyeliner Black,245.0,Eye Liner,6221105416709
158.0,Cybele Cozy Waterproof Eye Liner,245.0,Eye Liner,6221105416778
166.0,Cybele Desire Superstay Pencil Lipstick,260.0,Lipstick,6221105002407
166.0,Cybele Desire Superstay Pencil Lipstick,260.0,Lipstick,6221105002506
174.0,Cybele Gel Lip Liner - 02 Nude,275.0,Lip Liner,6221105001059
174.0,Cybele Gel lip liner 01 Old Pink,275.0,Lip Liner,6221105001042
12.5,Dental money plastic toothpick 30 pieces De,20.0,Hygiene,6974184075014
135.0,Dermomed Handwash 1000ml Aloevera & Pomegranate,235.0,Hygiene,8054633831205
73.0,Dermomed Shower Foam Tattoo 500ml,130.0,Shower Gel,8054633834862
73.0,Dermomed Shower Foam Zebra 500ml,130.0,Shower Gel,8032680399954
108.0,Dermomed Shower Orchid 500ml,190.0,Shower Gel,8032680390678
135.0,Dermomed hand wash with cashmere and orchid 1000ml,240.0,Hygiene,8054633835234
68.0,Dermorganic hair spray 250 ml with extract,115.0,Hygiene,608630064104
165.0,Desio Delicious Honey,275.0,Lenses,8057003004360
165.0,Desio Romantic Blue,275.0,Lenses,8057003003127
165.0,Desio Wild Green,275.0,Lenses,8057003003745
148.0,Devi Enviro shampoo and conditioner 500 ml with protein,260.0,Conditioner,4823015930843
96.0,Disaar Beauty Toner Vitamin C ,155.0,Skin care,6932511224771
90.0,Disaar Vitamin C Underarm Whitening Cream,145.0,Skin care,6932511228069
18.0,Disaar Vitamin C Whitening Face Mask,45.0,Skin care,6932511219357
108.0,Disaar Vitamin C Whitening Facial Wash,175.0,Skin care,6932511219319
66.0,Dove Body Cream 150 ml for dry skin Dov,115.0,Skin care,8901030020568
66.0,Dove Body Cream 150 ml for normal skin Do,115.0,Skin care,6281006405752
128.0,Dove Hand Cream 75 ml with Avocado Oil for Skin A,230.0,Skin care,8710447275306
106.0,Dove Oil Replacement Nourishing Oil Care,165.0,Hair,6281006453081
138.0,Dove Shampoo 400 ml Couler Care,240.0,Shampoo,8712561488297
138.0,Dove Shampoo 400 ml for fine hair Volum,240.0,Shampoo,8710447203446
315.0,Dove body scrub 298 grams with brown sugar and,555.0,Skin care,011111022690
315.0,Dove body scrub 298 grams with cherry and milk,555.0,Skin care,011111040038
315.0,Dove body scrub 298 grams with mango Dov,555.0,Skin care,011111016958
315.0,Dove body scrub 298 grams with rice and milk,555.0,Skin care,011111002005
135.0,Dove complexion spray 150 ml for women even,210.0,Skin care,6281006601574
128.0,Dove hand cream 75 ml skin care and protection,230.0,Skin care,8720181055249
128.0,Dove hand cream 75 ml with green tea for the skin,230.0,Skin care,8710522386491
138.0,Dove shampoo 400 ml Glowing Ritual,240.0,Shampoo,8710447304082
138.0,Dove shampoo 400 ml for men Dove Thick,240.0,Shampoo,8710908381218
138.0,Dove shampoo and conditioner 400 ml 1×2 for men D,240.0,Shampoo,8710908381195
111.0,Dove spray 150 ml for women 20% discount O,195.0,Hygiene,6221155205216
111.0,"Dove spray 150 ml for women with pomegranate, discount",195.0,Hygiene,6221155205193
211.25,Dove tanning cream 200 ml for bronzed skin,370.0,Skin care,8712561983013
222.0,Dr. Miracle Curly Care Shampoo 355 ml DR,390.0,Shampoo,897127000927
198.0,Dr. Rashel Cleansing Wash 125 ml with Vitamin,345.0,Skin care,6971764151465
198.0,Dr. Rashel Cleansing Wash 125 ml with extract,345.0,Skin care,6971764151533
132.0,Dr. Wax Eyebrow Waxing Gel 30g Balk,235.0,Eyebrow,6113665411471
202.0,Dr.Miracle's Anti-Breakage Strengthening Creme,345.0,Skin care,802535226012
222.0,Dr.Miracle's Daily Moisturizing Gro Oil,325.0,Skin care,802535223011
222.0,Dr.Miracle's Intensive Spot Serum,325.0,Skin care,897127000279
139.0,Dr.Rashel Anti-aging Night Vitamin C cream ,320.0,Skin care,6971764151946
162.0,Dr.Rashel Caviar Collagen Elastin Serum 8 in 1,260.0,Skin care,6971764150345
162.0,Dr.Rashel Face Serum with Argan and Collagen,260.0,Skin care,6971764150352
180.0,Dr.Rashel Vitamin A Retinol,310.0,Skin care,6971764153537
153.0,Dr.Rashel Vitamin C Brightening & Anti-Aging Day Cream,240.0,Skin care,6971764151922
180.0,Dr.Rashel Vitamin E Dark Spots Corrector,310.0,Skin care,6971764153605
148.0,Drakon Green roll on 1+1 ,285.0,Hygiene,6223008331172
148.0,Drakon Pink roll on 1+1 ,285.0,Hygiene,6223008330700
233.0,Elizabeth Helen Makeup Fixer 150ml Puff Spray,410.0,Skin care,6281056379522
99.0,Elvive Dream Long Straight 72H,155.0,Hair,3610340653865
83.0,Elvive Oil Replacement Extraordinary Oil,130.0,Hair,6222017038874
99.0,Elvive Oil Replacement Fall Resist With Aminexil ,155.0,Hair,3610340650659
99.0,Elvive Total Repair 5 Oil Replacement ,155.0,Hair,3610340028502
198.0,Emami 7 oils in 1 Castor,345.0,Hair,8901248451260
198.0,Emami 7 oils in 1 almond,345.0,Hair,8901248451574
198.0,Emami 7 oils in 1 cactus,345.0,Hair,8901248451147
198.0,Emami 7 oils in 1 coconut,345.0,Hair,8901248451611
198.0,Emami hair oil 200 ml with aloe vera and 6 plants,345.0,Hair,8901248451536
198.0,Emami hair oil 200 ml with sebane oil extract,345.0,Hair,8901248257374
268.0,Emami shampoo 400 ml with aloe vera and elderberry extract,470.0,Shampoo,8901248478267
268.0,Emami shampoo 400 ml with black seed and vinegar,470.0,Shampoo,8901248478243
268.0,Emami shampoo 400 ml with coconut and extract,470.0,Shampoo,8901248451956
268.0,Emami shampoo 400 ml with olive oil and extract,470.0,Shampoo,8901248478274
57.0,Epoch Spray 200 ml for Women Galaxy,115.0,Hygiene,3571700500635
382.0,Essence Bronze Your Way Bronzing Palette,585.0,Bronzer,4059729338723
323.0,Essence Choose Your Glow Highlighter Palette,495.0,Highlighter,4059729255464
149.0,Essence Extreme Shine Volume Lipgloss,230.0,Lipstick,4059729302809
246.0,Essence F complexion spray 50 ml,430.0,Skin care,4059729288240
221.0,Essence Gimmy Glow Highlighter,340.0,Highlighter,4059729394699
204.0,Essence I Love Extreme Crazy Volume Mascara,310.0,Mascara,4250587739084
200.0,Essence I Love Extreme Crazy Volume Waterproof Mascara,305.0,Mascara,4059729381255
298.0,Essence Lash Like A Boss Instant Lift & Curl Mascara,455.0,Mascara,4059729394262
327.0,Essence Lash Like a Boss - Ultra Black Volume & Length Mascara,500.0,Mascara,4059729381699
293.0,Essence Lash Like a Boss Instant Volume & Length Mascara,450.0,Mascara,4059729381736
204.0,Essence Lash Princess Black Eyeliner,310.0,Eye Liner,4059729368379
196.0,Essence Lash Princess Black Waterproof Eyeliner,300.0,Eye Liner,4059729341556
259.0,Essence Lash Princess Curl & Volume Mascara,395.0,Mascara,4059729327024
264.0,Essence Lash Princess False Lash Effect Mascara,405.0,Mascara,4250947516027
259.0,Essence Love Extreme Volume Mascara,395.0,Mascara,4250338487516
196.0,Essence Stay & Play Gel Eyeliner Silky Nude,300.0,Eye Liner,4059729405326
238.0,Essence Waterproof Concealer ,365.0,Concealer,4059729231642
238.0,Essence Waterproof Concealer ,365.0,Concealer,4059729038340
255.0,Essence What the Fake! Extreme Plumping Lip Filler with Chili Extract,390.0,Lip Filler,4059729323965
255.0,Essence What the Fake! Plumping Lip Filler with Hyaluronic Acid,390.0,Lip Filler,4059729303103
29.0,Estelin Charcoal White Hydrating Black Mask,65.0,Skin care,6971764153056
28.0,Eva Acetone 100 ml peach scent,50.0,Nail Polish,6223004372858
68.0,Eva Anti-Aging Collagen Firmness Enhancer Sheet Mask 3 Sheets,125.0,Skin care,6223001385523
68.0,Eva Charcoal Sheet Mask 3 sheets,125.0,Skin care,6223001385530
68.0,Eva Skin Clinic White Pearl Toning Enhancer,125.0,Skin care,6223001385332
99.0,Eva conditioner 350 ml with berries for dry hair,175.0,Hair,6223001389569
99.0,Eva conditioner 350 ml with coconut for damaged hair E,175.0,Hair,6223001389460
99.0,Eva conditioner 350 ml with mocha scent for weak hair,175.0,Hair,6223001389323
99.0,Eva hair conditioner 350 ml with marshmallow scent,175.0,Hair,6223001389484
88.0,Ever Pure Conditioner 385 ml with Biotin and Golgi,155.0,Conditioner,6224000401986
88.0,Ever Pure Conditioner 385 ml with Keratin Ever P,155.0,Conditioner,6224000401948
88.0,Ever Pure Conditioner 385 ml with Vitamin B5 Eve,155.0,Conditioner,6224000401733
88.0,Ever Pure conditioner 385 ml with extract of seven oils,155.0,Conditioner,6224000401467
180.0,Everpure 236ml Bodysplash,325.0,Hygiene,6224000401108
476.0,Every Strand Hair Polisher Argan & Macadamia,765.0,Hair,815426006068
454.0,Every Strand Hair Polisher Keratin & Aloe Vera,675.0,Hair,815426008062
150.0,FASTER Hair Back Black Garlic Advance Oilex Oil,285.0,Hair,6224002702067
139.0,Faster hair oil 100 ml with garlic for hair growth,245.0,Hair,6224002702043
139.0,Faster hair oil 100 ml with garlic for hair growth,245.0,Hair,6224002702050
108.0,Finesse Restore Conditioner 384 ml,190.0,Conditioner,067990501399
108.0,Finesse Restore Conditioner 384 ml,190.0,Conditioner,067990501429
108.0,Finesse Revita Shampoo 384 ml,190.0,Shampoo,067990501467
108.0,Finesse Revital Balm 384 ml,190.0,Conditioner,067990501474
108.0,Finesse Shampoo 384 ml Finesse Restor,190.0,Shampoo,067990501412
108.0,Finesse Shampoo and Conditioner 384 ml Finesse R,190.0,Shampoo,067990501405
10.0,Forever Color Eyeliner,35.0,Eye Liner,21082400001
85.0,Fresh Start Shower Coconut 400ml,150.0,Shower Gel,5060120163318
85.0,Fresh Start Shower Mint 400ml,150.0,Shower Gel,5060120163325
170.0,"Fructis Hydra Ricci Contouring Garnier 200ml
",300.0,Conditioner,3600541200173
448.0,GK Conditioner 300 ml GK Hair Moistu,740.0,Conditioner,815401013326
448.0,GK Hair Balanc Conditioner 300 ml,740.0,Conditioner,815401010646
567.0,GK Hair Taming System with Juvexin,845.0,Hair,815401010653
448.0,GK Shampoo 300 ml GK Hair Moist,740.0,Shampoo,815401012633
448.0,GK Shampoo 300 ml GKHair Balan,740.0,Shampoo,815401014712
182.0,Garnier Aloe Refre Toner 200 ml,320.0,Skin care,3600542050531
235.0,Garnier Ambre Solaire Tan Gel Spray 150ml,410.0,Skin care,3600541177284
248.0,Garnier Ambre Solé complexion spray 150 ml,435.0,Skin care,3600542101288
132.0,Garnier Fast Bright Vitamin C Serum,210.0,Skin care,3610340661075
216.0,Garnier Fructis Conditioner 354 ml Aloe Vera Pur,375.0,Conditioner,603084491711
216.0,Garnier Fructis Conditioner 354 ml Pomegranate Full,375.0,Conditioner,603084491636
216.0,Garnier Fructis Conditioner 354 ml for colored hair,375.0,Conditioner,603084491421
216.0,Garnier Fructis Conditioner 354 ml with Jesrain and G,375.0,Conditioner,603084491902
202.0,"Garnier Fructis Hydra liss coconut liss shampoo capelli lisci 250 ml
",360.0,Shampoo,3600542076043
202.0,Garnier Fructis Shampoo 250 ml Lemon Ci,360.0,Shampoo,3600541251281
202.0,Garnier Fructis Shampoo 250 ml with Mint,360.0,Shampoo,3600541251403
202.0,Garnier Fructis Shampoo 250 ml with coconut water,360.0,Shampoo,3600541251526
286.0,Garnier Fructis Shampoo 650 ml with Fruits and Fruits,500.0,Shampoo,7509552906455
286.0,Garnier Fructis Shampoo and Conditioner 370 ml 1×2,500.0,Shampoo,603084491803
202.0,"Garnier Fructis shampoo 250 ml. Anti-dandruff 2 in 1 green tea normal hair.
",360.0,Shampoo,3600541226081
132.0,Garnier Hyalwo Foaming Cleanser 100 ml,235.0,Skin care,8994993009534
182.0,Garnier Rose Milk Skin Wash 200 ml,320.0,Skin care,3600542052788
183.0,Garnier Shampoo 300 ml with Green Tea Ultr,320.0,Shampoo,3600542154505
58.0,Garnier Skin Active Hydra Bomb Tuchmaske,90.0,Skin care,3600542257794
132.0,Garnier Skin Gel 100 ml for acne for humans,235.0,Skin care,8994993000029
75.0,Garnier SkinActive Micellar Cleansing Water Classic,115.0,Skin care,3600542081337
196.0,Garnier SkinActive Micellar Cleansing Water Classic,310.0,Skin care,3600541358492
69.0,Garnier Skincare SkinActive FreshMix Hyaluron Mask,130.0,Skin care,3600542168175
218.0,"Garnier Ultimate Blends Core Argan & Camellia Conditioner 400ml
",385.0,Conditioner,3600542463065
218.0,"Garnier Ultimate Blends Core Argan & Cranberry Conditioner 400ml
",385.0,Conditioner,3600542462938
183.0,Garnier Ultra D Coconut Shampoo 300ml,320.0,Shampoo,3600542154567
183.0,Garnier Ultra Do Almond Oil Conditioner 250 ml,320.0,Conditioner,3600542158275
183.0,Garnier Ultra Do Chamomile Conditioner 250 ml,320.0,Conditioner,3600542158206
183.0,Garnier Ultra Do Oat Conditioner 250 ml,320.0,Conditioner,3600542158268
183.0,Garnier Ultra Do Shampoo 300ml Lemon,320.0,Shampoo,3600542154635
183.0,Garnier Ultra Dol Aloe Vera Shampoo 250 ml,320.0,Shampoo,3600542074766
182.0,Garnier Vitamin C Skin Lotion 100 ml,320.0,Skin care,8991380700029
170.0,Garnier conditioner 200 ml with almonds and lotus flower,300.0,Conditioner,3600541083530
170.0,Garnier conditioner 200 ml with lavender and rose oil,300.0,Conditioner,3600541318120
238.0,Garnier conditioner 370 ml with shea butter and avocado,415.0,Conditioner,603084459230
218.0,Garnier conditioner 400 ml almond milk and distilled water,385.0,Conditioner,3600542463225
218.0,Garnier conditioner 400 ml with coconut water and pour,385.0,Conditioner,3600542463058
218.0,Garnier conditioner 400 ml with oat milk and cream,385.0,Conditioner,3600542463003
183.0,Garnier shampoo 300 ml with cherry blossom and pearl,320.0,Shampoo,3600542154598
183.0,Garnier shampoo 300 ml with vanilla and papaya x 2,320.0,Shampoo,3600542154642
218.0,Garnier shampoo 400 ml with Ultim argan oil,385.0,Shampoo,3600542462730
68.0,Ginseng Lean Conditioner 400 ml against hair loss,115.0,Conditioner,6222001301113
23.400000000000002,HAIR Coloring Chalk,50.0,Hair,2018032733986
866.0,Hairburst bath cream 220 ml with avocado and,1275.0,Hair,5060743580646
542.0,Hairburst conditioner 350 ml for curly and limp hair,885.0,Hair,5060743580936
542.0,Hairburst conditioner 350 ml for dry and damaged hair,885.0,Hair,5060743580950
542.0,Hairburst shampoo 350 ml for curly hair,885.0,Shampoo,5060743580929
542.0,Hairburst shampoo 350 ml for dry and dry hair,885.0,Shampoo,5060743580943
505.0,Hairburst shampoo 350 ml with avocado and walnut,820.0,Shampoo,5060743580844
156.0,Herbal Essences Conditioner 200 ml Orange Her,275.0,Conditioner,8001841250984
156.0,Herbal Essences Conditioner 200 ml with Argan Oil,275.0,Conditioner,8001841250502
156.0,Herbal Essences conditioner 200 ml with milk and walnuts,275.0,Conditioner,8001841250625
156.0,Herbal Essences conditioner 200 ml with moringa oil,275.0,Conditioner,8001841250748
210.0,Herbal shampoo 400 ml with lemon extract,370.0,Shampoo,5011321609105
200.0,Infinity Gel Sunscreen 50+ (1+1 Offer),355.0,Skin care,6222019613000
198.0,Irish Spring Shower 532 ml for men Blac,345.0,Shower Gel,035000969798
198.0,Irish Spring Shower 532 ml for men Mois,345.0,Shower Gel,035000269195
198.0,Irish Spring Shower 532 ml for men Sage,345.0,Shower Gel,035000969804
198.0,Irish Spring Shower 532 ml for men Ultim,345.0,Shower Gel,035000979926
169.0,Ivory Clean Shower 621ml,300.0,Shower Gel,037000919834
37.0,"JF Hand Wash With Lily Fuchsia 500ML
",65.0,Hygiene,ؤ
243.0,John France Body Splash 250 ml for men J,430.0,Hygiene,6297938820327
243.0,John France Body Splash 250 ml for men J,430.0,Hygiene,6297938820228
243.0,John France Body Splash 250 ml for men J,430.0,Hygiene,6297938820129
243.0,John France Body Splash 260 ml for women J,430.0,Hygiene,6297938825827
243.0,John France Body Splash 260 ml for women J,430.0,Hygiene,6297938825421
243.0,John France Body Splash 260 ml for women J,430.0,Hygiene,6297938825520
243.0,John France Body Splash 260 ml for women J,430.0,Hygiene,6297938826329
243.0,John France Body Splash 260 ml for women J,430.0,Hygiene,6297938825926
243.0,John France Body Splash 260 ml for women J,430.0,Hygiene,6297938825728
243.0,John France Body Splash 260 ml for women J,430.0,Hygiene,6297938826220
243.0,John France Body Splash 260 ml for women J,430.0,Hygiene,6297938826022
243.0,John France Body Splash 260 ml for women J,430.0,Hygiene,6297938826121
147.0,John France Coconut Shampoo 750 ml Joh,260.0,Shampoo,6297938814623
147.0,John France Collagen Shampoo 750 ml Joh,260.0,Shampoo,6297938814920
169.0,John France Foot Scrub 500 ml Lavender Jo,300.0,Skin care,787790510727
37.0,John France Hand Wash 500 ml Vanilla Jo,65.0,Hygiene,787790501626
37.0,John France Hand Wash 500 ml with albert flower,65.0,Hygiene,787790501725
37.0,John France Hand Wash 500 ml with cranberries,65.0,Hygiene,787790501329
37.0,John France Hand Wash 500 ml with pink roses,65.0,Hygiene,787790501923
37.0,John France Hand Wash 500 ml with tea etc,65.0,Hygiene,787790501824
37.0,John France Hand Wash Coconut 500 ml,65.0,Hygiene,787790501527
250.0,John France Hot Oil Mask 1000 ml with oil,440.0,Hair,6297938827524
37.0,"John France Lavender Hand Wash for Moisturized and Protected Hands, 500 ml, Purple",65.0,Hygiene,787790502029
173.0,John France Massage Oil 300 ml John Fr,305.0,Skin care,6297938814739
70.0,"John France Orchid Shower Gel 500ml
",125.0,Shower Gel,787790503224
147.0,John France Shampoo 750 ml with Keratin Joh,260.0,Shampoo,6297938815026
147.0,John France Shampoo 750 ml with Shea Butter Jo,260.0,Shampoo,6297938814524
70.0,John France Shower Gel 500 ml Coconut J,125.0,Shower Gel,787790502722
70.0,John France Shower Gel 500 ml with Jasmine Jo,125.0,Shower Gel,787790503323
70.0,John France Shower Gel 500 ml with Mango Jo,125.0,Shower Gel,787790502524
70.0,John France Shower Gel 500 ml with Pomegranate Joh,125.0,Shower Gel,787790502821
250.0,John France bath oil mask 1000 ml,440.0,Hair,6297938827821
250.0,John France bath oil mask 1000 ml in nakh,440.0,Hair,6297938828026
250.0,John France bath oil mask 1000 ml with butter,440.0,Hair,6297938827722
184.0,John France bath salt 700 grams with lavender J,325.0,Shower Gel,6297938809131
169.0,John France body scrub 500 ml apricot,300.0,Skin care,644216696598
169.0,John France body scrub 500 ml berries Jo,300.0,Skin care,644216696192
184.0,John France body scrub 500 ml gold J,325.0,Skin care,6297938818126
169.0,John France body scrub 500 ml papaya J,300.0,Skin care,644216696093
169.0,John France body scrub 500 ml with cappuccin,300.0,Skin care,6297938806833
169.0,John France body scrub 500 ml with charcoal Jo,300.0,Skin care,787790502128
169.0,John France body scrub 500 ml with wood,300.0,Skin care,644216696499
154.0,John France cuticle oil 300 ml with oud Joh,275.0,Skin care,6297938814937
243.0,John France makeup remover 500 ml with collagen,430.0,Skin care,6297938814432
243.0,John France makeup remover 500 ml with vitamin J,430.0,Skin care,6297938814531
96.0,John France rose water 500 ml John Fran,170.0,Shower Gel,6297938816238
147.0,John France shampoo 750 ml with argan oil J,260.0,Shampoo,6297938814722
147.0,John France shampoo 750 ml with protein Joh,260.0,Shampoo,6297938814821
70.0,John France shower gel 500 ml cranberry,125.0,Shower Gel,787790502920
70.0,John France shower gel 500 ml with green tea,125.0,Shower Gel,787790503125
70.0,John France shower gel 500 ml with lily flower,125.0,Shower Gel,787790503026
221.0,John France skin wash 500 ml for sensitive skin,390.0,Skin care,6297938814630
154.0,John France skin wash and scrub 250 ml,275.0,Skin care,6297938815231
154.0,John France skin wash and scrub 250 ml,275.0,Skin care,6297938815439
154.0,John France skin wash and scrub 250 ml,275.0,Skin care,6297938815033
154.0,John France skin wash and scrub 250 ml,275.0,Skin care,6297938815132
368.0,Johnson's Cuticle Oil Gel 192 ml with Shea Butter,645.0,Skin care,381371020652
200.0,Johnson's cuticle oil gel 200 ml with roses,350.0,Skin care,3574661693408
265.0,Just for Me Shampoo 355 ml for curly hair,470.0,Shampoo,802535433878
94.5,KOLAGRA Roll-On,150.0,Hygiene,6224001714207
95.0,KOLAGRA Roll-On,150.0,Hygiene,6225000504516
89.0,Karite conditioner 400 ml with shea butter to deeply moisturize,155.0,Conditioner,6224010687202
89.0,Karite shampoo 400 ml with shea butter to moisturize,155.0,Shampoo,6224010687196
111.0,Karites Hair Serum Shea Butter,195.0,Hair,6224010687318
325.0,Kemei KM-3024 Multi-usage 4in1 Hair Remover wet & dry,520.0,Devices,6955549330245
925.0,Kerastase Blond Absolu Masque Ultra-Violet,1340.0,Hair,3474636692408
520.0,Kerastase Reflection Bain Chromatique Gentle Multi-Protecting Shampoo,755.0,Shampoo,3474636494712
661.0,Kerastase Resistance Thermique Ciment,955.0,Hair,3474630652439
208.0,Kesh King Hair Oil Anti Hair Fall + Shampoo ,390.0,Hair,8901248297110
301.0,Kesh King Organic Coconut Milk Shampoo - 300ml,525.0,Shampoo,8901248230124
301.0,Kesh King Organic Neem Shampoo With Bhringraj - 300ml ,525.0,Shampoo,8901248230100
301.0,Kesh King Organics Fermented Rice Water Shampoo - 300ml,525.0,Shampoo,8901248230094
262.0,Kesh King Scalp And Hair Medicine Anti -Hairfall Shampoo,460.0,Shampoo,8901248240284
143.0,Kesh King Shampoo 200 ml against hair loss K,255.0,Shampoo,8901248240277
177.0,Kesh King Shampoo 200 ml with milk extract and 2,310.0,Shampoo,8901248240383
301.0,Kesh King Shampoo 300 ml with argan oil,525.0,Shampoo,8901248230162
262.0,Kesh King Shampoo 340 ml with herbs and protein,460.0,Shampoo,8901248240345
62.5,Kiss Beauty Charming Eyeliner,155.0,Eye Liner,6903072430581
115.0,Kiss Beauty Glow Up Blush Stick,235.0,Blusher,6903072438716
75.0,Kiss Beauty Jelly Tent Stain,145.0,Blusher,6903072453757
53.0,L'Nail Polish 14 ml Elle Holograph No,90.0,Nail Polish,6224009989256
53.0,L'Nail Polish 14 ml Elle Holograph No,90.0,Nail Polish,6224009989232
49.0,L'Nail Polish 14 ml No. 103 Elle,85.0,Nail Polish,6224009989010
49.0,L'Nail Polish 14 ml No. 304 Elle,85.0,Nail Polish,6224009338146
49.0,L'Nail Polish 14 ml No. 403 Elle,85.0,Nail Polish,6224009338184
49.0,L'Nail Polish 14 ml No. 407 Elle,85.0,Nail Polish,6224009338221
49.0,L'Nail Polish 14 ml No. 608 Elle,85.0,Nail Polish,6224009989119
49.0,L'Nail Polish 14 ml No. 704 Elle,85.0,Nail Polish,6224009338351
49.0,L'Nail Polish 14 ml No. 707 Elle,85.0,Nail Polish,6224009338382
49.0,L'Nail Polish 14 ml No. 710 Elle,85.0,Nail Polish,6224009989133
49.0,L'Nail Polish 14 ml No. 804 Elle,85.0,Nail Polish,6224009338436
49.0,L'Nail Polish 14 ml No. 808 Elle,85.0,Nail Polish,6224009338474
49.0,L'Nail Polish 14 ml No. 810 Elle,85.0,Nail Polish,6224009338498
49.0,L'Nail Polish 14 ml No. 811 Elle,85.0,Nail Polish,6224008878940
49.0,L'Nail Polish 14 ml No. 916 Elle,85.0,Nail Polish,6223007902724
49.0,L'Nail Polish 14ml No. 101 Elle,85.0,Nail Polish,6224009338023
49.0,L'Nail Polish 14ml No. 302 Elle,85.0,Nail Polish,6224009338122
49.0,L'Nail Polish 14ml No. 911 Elle,85.0,Nail Polish,6224009338603
885.0,L'ORÉAL PROFESSIONNEL - Expert Series - Absolut Repair Lipidium Masque,1390.0,Hair,3474636481781
232.0,L'Oreal Casting Hair Color No. 360 Cherry Black,410.0,Hair,3600521924662
232.0,L'Oreal Casting Hair Color No. 513 Chocolate,410.0,Hair,3600521989722
232.0,L'Oreal Casting Hair Dye No. 300 Dark Chestnut,410.0,Hair,3600521230244
232.0,"L'Oreal Casting hair dye No. 200, dark black",410.0,Hair,3600521230220
69.0,L'Oreal Elvive Balm 200 ml with rich oils,125.0,Conditioner,3610340020308
69.0,L'Oreal Elvive Balm 200ml Complete Hair Treatment,125.0,Conditioner,3600521767863
67.0,L'Oreal Elvive Complete Treatment Shampoo 200ml,115.0,Shampoo,3610340650772
67.0,L'Oreal Elvive Complete Treatment Shampoo 200ml,115.0,Shampoo,3610340006463
69.0,L'Oreal Elvive Conditioner 200 ml 72 hours with acid,125.0,Conditioner,3610340655173
248.0,L'Oreal Elvive Creamy Shampoo Treatment 400 ml,435.0,Shampoo,3600523540259
69.0,L'Oreal Elvive Dream Long Balm 200 ml,125.0,Conditioner,3610340636899
278.0,L'Oreal Elvive Dream Long Hair Serum,445.0,Hair,3600523976584
296.0,L'Oreal Elvive Extra Ordinary Oil Serum,475.0,Hair,3600522263685
235.0,L'Oreal Elvive Hyalurin Serum Leave in,370.0,Hair,3600524042684
67.0,L'Oreal Elvive Oil Nourishing Shampoo 200 ml,115.0,Shampoo,3610340019906
95.0,L'Oreal Elvive Oil Nourishing Shampoo 400 ml,170.0,Shampoo,3610340019982
67.0,L'Oreal Elvive Shampoo 200 ml with oil to nourish hair,115.0,Shampoo,3610340019944
67.0,L'Oreal Elvive Shampoo 200 ml with precious oils,115.0,Shampoo,6222017038560
95.0,L'Oreal Elvive Shampoo 400 ml with oil to nourish hair,170.0,Shampoo,3610340020025
118.0,L'Oreal Elvive Shampoo 600 ml Dream Length,210.0,Shampoo,6222017082723
118.0,L'Oreal Elvive Shampoo 600ml for complete treatment,210.0,Shampoo,6222017082693
95.0,L'Oreal Elvive Shampoo Complete Treatment 400ml,170.0,Shampoo,3610340649653
95.0,L'Oreal Elvive Shampoo Complete Treatment 400ml,170.0,Shampoo,3600521767818
118.0,L'Oreal Elvive Shampoo Complete Treatment 600ml,210.0,Shampoo,3610340650734
67.0,L'Oreal Elvive Shampoo Dream Length 200 ml,115.0,Shampoo,3610340636646
67.0,L'Oreal Elvive shampoo 200 ml with keratin and oil,115.0,Shampoo,3610340653636
105.0,L'Oreal Elvive shampoo 400 ml 72 hours conditioner,180.0,Shampoo,3610340655197
105.0,L'Oreal Elvive shampoo 400 ml 72 hours conditioner,180.0,Shampoo,3610340670978
95.0,L'Oreal Elvive shampoo 400 ml with keratin and oil,170.0,Shampoo,3610340653650
133.0,L'Oreal Elvive shampoo 600 ml 72 hours conditioner,235.0,Shampoo,3610340671012
118.0,L'Oreal Elvive shampoo 600 ml with keratin and oil,210.0,Shampoo,3610340653827
182.0,L'Oreal Excellence Creme Dye No. 7 Blonde,320.0,Hair,3061375125016
182.0,L'Oreal Excellence Creme Haircolor No. 3 Chestnut G,320.0,Hair,3061375115017
182.0,L'Oreal Excellence Creme Haircolor No. 5 Light Brown,320.0,Hair,3061375119015
182.0,L'Oreal Excellence Creme Haircolor No. 7.12 Blonde,320.0,Hair,3610340652035
182.0,L'Oreal Excellence Creme Haircolor No. 7.17 Blonde,320.0,Hair,3610340652042
182.0,L'Oreal Excellence Creme Haircolor No. 8 Light Blonde,320.0,Hair,3600522490432
182.0,L'Oreal Excellence Creme Haircolor No. 8.12 Blonde,320.0,Hair,3610340652066
182.0,L'Oreal Excellence Creme Haircolor No. 9.12 Blonde,320.0,Hair,3610340652721
182.0,L'Oreal Excellence Creme No. 1 Black,320.0,Hair,3061375114010
425.0,L'Oreal Eye serum Hyaluronic acid ,685.0,Skin care,3600524026844
338.0,L'Oreal Face Serum Hyaluron Expert ,540.0,Skin care,3600523967988
686.0,L'Oreal Makeup Fixer and Polish 80 ml L'Orea,975.0,Skin care,3600523741090
218.0,"L'Oreal Men Expert Black Mineral Spray Deodorant 250 ml
",385.0,Hygiene,3600523717323
360.0,L'Oreal Professional Pro Fiber Rectify Resurfacing Mask,545.0,Skin care,3474630731219
258.0,L'Oreal day cream Hyaluron Expert,410.0,Skin care,3600523823611
215.0,L'Oreal hair gel 150 ml tube L'Oreal S,375.0,Hair,3600521637142
215.0,"L'Oreal hair gel 150 ml, rich in vitamin ABO",375.0,Hair,3600522466796
215.0,"L'oreal Paris Line Studio Normal Styling Hair Gel, 150ml",375.0,Hair,3600521637098
215.0,"L'oreal Paris Studio Indestructible Styling Hair Gel, 150ml
",375.0,Hair,3600520921068
138.0,Lady Speed ​​Spray 150 ml for women Derma D,240.0,Hygiene,8718951328327
189.0,Levin fixative spray 300 ml for more stability,330.0,Hair,5055028381735
215.0,Loreal hair gel 150 ml strong hold tube L,375.0,Hair,3600522224976
218.0,Loreal men's spray 250 ml 48 hours S,385.0,Hygiene,3600522373193
193.0,Lovea shampoo 500 ml with shea butter for dry hair,340.0,Shampoo,3248140650571
105.0,Luna Emollient Bundle Bag,190.0,Skin care,6221039320127
11.0,Luna Special Lip Moisturizer Coconut,25.0,Skin care,6221039305018
11.0,Luna Special Lip Moisturizer Cola,25.0,Skin care,6221039305483
11.0,Luna Special Lip Moisturizer Peach,25.0,Skin care,6221039305513
11.0,Luna Special Lip Moisturizer Rose,25.0,Skin care,6221039305056
11.0,Luna Special Lip Moisturizer Strawberry,25.0,Skin care,6221039305001
11.0,Luna Special Lip Moisturizer Vanilla,25.0,Skin care,6221039305490
218.0,Luna Sun Tanning Gel,375.0,Skin care,6221039321155
115.0,Lux Shower 500 ml Cooling Peach,200.0,Shower Gel,8851932415262
115.0,Lux Shower 500 ml Dewy Sakura,200.0,Shower Gel,8851932368582
115.0,Lux Shower 500 ml Refreshing Lily,200.0,Shower Gel,8851932332385
115.0,Lux Shower 500 ml Soft Rose,200.0,Shower Gel,8851932332262
218.0,"L’Oreal Men Expert Carbon Protect 48H Anti-Perspirant Deodorant 250ml
",385.0,Hygiene,3600522107460
347.25,L’Oreal Pro Fiber Re-Create Aptyl 100 Masque,645.0,Skin care,30160361
189.0,MC Organic Hair Conditioner 250 ml with Caviar,330.0,Conditioner,6333002233096
230.0,MC Organic Serum 60 ml with argan per a,405.0,Hair,6333002233157
230.0,MC Organic Serum 60 ml with caviar per n,405.0,Hair,6333002233119
189.0,MC Organic Shampoo 250 ml with Argan per,330.0,Shampoo,6333002233126
189.0,MC Organic Shampoo 250 ml with caviar per,330.0,Shampoo,6333002233089
230.0,MC Organic bath cream 400 grams with coffee,405.0,Hair,6333002233102
189.0,MC Organic conditioner 250 ml with argan per,330.0,Conditioner,6333002233133
140.0,Magnum 250ml spray for her,245.0,Hygiene,6294015108859
140.0,Magnum 250ml spray for her,245.0,Hygiene,6294015108828
140.0,Magnum 250ml spray for her,245.0,Hygiene,6294015108873
140.0,Magnum 250ml spray for her,245.0,Hygiene,6294015108835
140.0,Magnum 250ml spray for her,245.0,Hygiene,6294015108866
198.0,Malaysia Bath Foam 1000 ml Raspberry and Musk M,345.0,Shower Gel,8003510014286
198.0,Malaysia Bath Foam 1000 ml with coconut milk,345.0,Shower Gel,8003510007523
198.0,Malaysia Bath Foam 1000 ml with flowers Malizia,345.0,Shower Gel,8003510025121
198.0,Malaysia Bath Foam 1000 ml with ginger and honey,345.0,Shower Gel,8003510032167
77.0,Mantovani Shower 400ml,135.0,Shower Gel,8002340016798
77.0,Mantovani Shower 400ml,135.0,Shower Gel,8002340013520
77.0,Mantovani Shower 400ml,135.0,Shower Gel,8002340013476
77.0,Mantovani Shower 400ml,135.0,Shower Gel,8002340013483
77.0,Mantovani Shower 400ml,135.0,Shower Gel,8002340013490
43.0,Mate Cinema Lip Gloss No. 1331 Mi,80.0,Lipstick,6222045505898
65.0,Maud body cream 200 ml Hawaii,115.0,Skin care,6223007902755
330.0,Max Factor miracle controlling 8 colors,585.0,Contour,8005610616537
428.0,Maybelline - Mascara The Falsies Surreal Extensions - Very Black,585.0,Mascara,30161467
176.0,Maybelline Colossal Kajal Argan Oil Eyeliner Black,285.0,Eye Liner,3600531453350
356.0,Maybelline Eye Fit Me Concealer,525.0,Concealer,30096615
356.0,Maybelline Eye Fit Me Concealer,525.0,Concealer,30096622
356.0,Maybelline Eye Fit Me Concealer,525.0,Concealer,30096608
467.0,"Maybelline Fit Me Fresh Tint 01
",650.0,Foundation,6902395830504
398.0,Maybelline Fit Me Lu primer,560.0,Primer,3600531631390
398.0,Maybelline Fit Me M primer,560.0,Primer,3600531631383
384.0,Maybelline Fit Me Matte + Poreless Foundation,625.0,Foundation,3600531324483
384.0,Maybelline Fit Me Matte + Poreless Foundation,625.0,Foundation,3600531324513
384.0,Maybelline Fit Me Matte + Poreless Foundation,625.0,Foundation,3600531324506
384.0,Maybelline Fit Me Matte + Poreless Foundation,625.0,Foundation,3600531369026
384.0,Maybelline Fit Me Matte + Poreless Foundation,625.0,Foundation,3600531544652
467.0,Maybelline Foundation No. 020 with Vitamin May,650.0,Foundation,6902395830511
467.0,Maybelline Foundation No. 03 with Mayb Vitamin,650.0,Foundation,6902395830528
467.0,Maybelline Foundation No. 06 with Vitamin Mayb,650.0,Foundation,6902395830559
512.0,Maybelline Instant Age Rewind Eraser Multi-Use Concealer,765.0,Concealer,3600531396855
512.0,Maybelline Instant Age Rewind Eraser Multi-Use Concealer,765.0,Concealer,3600530733859
456.0,Maybelline Lifter Lip Gloss,675.0,Lipstick,3600531609719
456.0,Maybelline Lifter Lip Gloss,675.0,Lipstick,3600531609771
234.0,Maybelline Master blush 4 colors No.10,380.0,Blusher,3600531378653
566.0,Maybelline Matte Rouge No. 155 Maybelline,765.0,Lipstick,30163737
566.0,Maybelline Matte Rouge No. 30 Maybelline S,765.0,Lipstick,30150652
566.0,Maybelline Matte Rouge No. 50 Maybelline S,765.0,Lipstick,30150669
392.0,"Maybelline New York Baby Skin Instant Pore Eraser Primer, Clear, 22 ml
",635.0,Primer,3600530941278
480.0,Maybelline Sky High Mascara ,710.0,Mascara,30166967
548.0,Maybelline Super Stay Matte Ink Liquid Lipstick,805.0,Lipstick,3600531605674
548.0,Maybelline Super Stay Matte Ink Liquid Lipstick,805.0,Lipstick,3600531469498
548.0,Maybelline Super Stay Matte Ink Liquid Lipstick,805.0,Lipstick,3600531469412
380.0,Maybelline Super Stay Matte Ink Liquid Lipstick 10,805.0,Lipstick,3600531411183
380.0,Maybelline Super Stay Matte Ink Liquid Lipstick 15,805.0,Lipstick,3600531411107
418.0,Maybelline The Falsies Lash Lift Mascara,645.0,Mascara,3600531584696
248.0,Maybelline Volum' Express Colossal Black Mascara,405.0,Mascara,30079847
48.0,Mbeauty Silver Foil Wrapping Face Mask,105.0,Skin care,8809295012253
115.0,Meera shampoo 180 ml for hair loss,200.0,Shampoo,8902979022798
158.0,Men's Active Start Shower Gel,280.0,Shower Gel,3607340721281
158.0,Men’s Adidas 3-in-1 Climacool 400ML,280.0,Shower Gel,3614221653715
41.5,Might Cinema BB Full Coverage Matt Foundation,125.0,Foundation,6222045505362
102.25,Might Cinema BB Matt Foundation,260.0,Foundation,6222045504808
76.67,Might Cinema Blush Stick,210.0,Blusher,6222045504389
120.0,Might Cinema Body Lotion Lovely,275.0,Skin care,6222045502729
120.0,Might Cinema Body Lotion Lucy,275.0,Skin care,6222045502712
120.0,Might Cinema Body Lotion Lungern,275.0,Skin care,6222045502668
120.0,Might Cinema Body Lotion XMary,275.0,Skin care,6222045502552
37.92,Might Cinema Contour + Councelar,115.0,Concealer,6222045505874
102.25,Might Cinema Foundation Velvet Soft Liquid,260.0,Foundation,6222045502477
32.5,Might Cinema Fywntshy Eyebrow Mascara,90.0,Mascara,21082400059
53.0,Might Cinema Lipgloss & Lipstick Matte Velvet,105.0,Lipstick,6222045500015
51.33,Might Cinema Liquid Highlighter,170.0,Highlighter,6222045504396
29.17,Might Cinema Lollipop Lip Gloss,80.0,Lipstick,6222045505126
35.33,Might Cinema Perfect Eyebrow Pen,100.0,Eyebrow,6222045505218
68.0,Might Cinema Super Black Mascara,180.0,Mascara,6222045500589
27.5,Might Cinema Velvety Lip Gloss,70.0,Lipstick,15103
84.83,Might Cinema Whitening Cream for Sensitive Areas,220.0,Skin care,6222045501098
115.0,Mira shampoo 180 ml for strong and healthy hair Me,200.0,Shampoo,8902979022781
100.0,Mirror Sheglam Snatch 'N' Blush Stick,200.0,Blusher,21082400041
257.0,Momento Sun Blue Spray 170g Mom,450.0,Skin care,6223013450530
184.0,Momento Tan Oil 250 ml Momento Ta,325.0,Skin care,6223013450196
210.0,Momento sun protection lotion 250 ml M,370.0,Skin care,6223013450516
249.0,Momento sun protection lotion 250 ml M,435.0,Skin care,6223013450523
30.0,Monaya 24 Hour Creamy Rouge No. 301 Mo,50.0,Lipstick,6973373041038
30.0,Monaya 24 Hour Creamy Rouge No. 302 Mo,50.0,Lipstick,6973373041045
30.0,Monaya 24 Hour Creamy Rouge No. 303 Mo,50.0,Lipstick,6973373041052
30.0,Monaya 24 Hour Creamy Rouge No. 304 Mo,50.0,Lipstick,6973373041069
30.0,Monaya 24 Hour Creamy Rouge No. 305 Mo,50.0,Lipstick,6973373041076
30.0,Monaya 24 Hour Creamy Rouge No. 306 Mo,50.0,Lipstick,6973373041083
30.0,Monaya 24 Hour Creamy Rouge No. 307 Mo,50.0,Lipstick,6973373041090
30.0,Monaya 24 Hour Creamy Rouge No. 308 Mo,50.0,Lipstick,6973373041106
30.0,Monaya 24 Hour Creamy Rouge No. 309 Mo,50.0,Lipstick,6973373041113
30.0,Monaya 24 Hour Creamy Rouge No. 310 Mo,50.0,Lipstick,6973373041120
30.0,Monaya 24 Hour Creamy Rouge No. 311 Mo,50.0,Lipstick,6973373041137
30.0,Monaya 24 Hour Creamy Rouge No. 312 Mo,50.0,Lipstick,6973373041144
31.0,Monaya 24 Hour Lip Supplier No. 201 Mon,50.0,Lipstick,6973373040697
31.0,Monaya 24 Hour Lip Supplier No. 202 Mon,50.0,Lipstick,6973373040703
31.0,Monaya 24 Hour Lip Supplier No. 203 Mon,50.0,Lipstick,6973373040710
31.0,Monaya 24 Hour Lip Supplier No. 204 Mon,50.0,Lipstick,6973373040727
31.0,Monaya 24 Hour Lip Supplier No. 205 Mon,50.0,Lipstick,6973373040734
31.0,Monaya 24 Hour Lip Supplier No. 206 Mon,50.0,Lipstick,6973373040741
31.0,Monaya 24 Hour Lip Supplier No. 207 Mon,50.0,Lipstick,6973373040758
31.0,Monaya 24 Hour Lip Supplier No. 208 Mon,50.0,Lipstick,6973373040765
31.0,Monaya 24 Hour Lip Supplier No. 209 Mon,50.0,Lipstick,6973373040772
31.0,Monaya 24 Hour Lip Supplier No. 210 Mon,50.0,Lipstick,6973373040789
31.0,Monaya 24 Hour Matte Liquid Rouge No. 101 M,50.0,Lipstick,6973373040611
31.0,Monaya 24 Hour Matte Liquid Rouge No. 102 M,50.0,Lipstick,6973373040628
31.0,Monaya 24 Hour Matte Liquid Rouge No. 103 M,50.0,Lipstick,6973373040635
31.0,Monaya 24 Hour Matte Liquid Rouge No. 104 M,50.0,Lipstick,6973373040642
31.0,Monaya 24 Hour Matte Liquid Rouge No. 105 M,50.0,Lipstick,6973373040659
31.0,Monaya 24 Hour Matte Liquid Rouge No. 106 M,50.0,Lipstick,6973373040666
31.0,Monaya 24 Hour Matte Liquid Rouge No. 107 M,50.0,Lipstick,6973373040673
31.0,Monaya 24 Hour Matte Liquid Rouge No. 108 M,50.0,Lipstick,6973373040680
50.0,Monaya Belcher No. 101 Monaya Shimm,90.0,Blusher,6973373040444
50.0,Monaya Belcher No. 102 Monaya Shimm,90.0,Blusher,6973373040451
50.0,Monaya Belcher No. 103 Monaya Shimm,90.0,Blusher,6973373040468
50.0,Monaya Belcher No. 104 Monaya Shimm,90.0,Blusher,6973373040475
50.0,Monaya Big Eyes mascara black,90.0,Mascara,6973373040604
199.0,Monaya Blush Palette 20 Colors Monaya Pur,350.0,Blusher,6973373041489
164.0,Monaya Creamy Blush Palette 6 Colors Monaya,285.0,Blusher,6973373041465
52.0,Monaya Double Liquid Lipstick No. 307 Monaya,90.0,Lipstick,6973373041991
52.0,Monaya Double Liquid Lipstick No. 308 Monaya,90.0,Lipstick,6973373042004
52.0,Monaya Double Liquid Lipstick No. 309 Monaya,90.0,Lipstick,6973373042011
52.0,Monaya Double Liquid Lipstick No. 310 Monaya,90.0,Lipstick,6973373042028
52.0,Monaya Double Liquid Lipstick No. 312 Monaya,90.0,Lipstick,6973373042042
34.0,Monaya Eye Liner Black Liquid Waterproof Mon,60.0,Eye Liner,6973373040567
34.0,Monaya Eye Liner Light Black Liquid Eyeliner Mon,60.0,Eye Liner,6973373040574
45.0,Monaya Eyebrow Corrector 3 Colors Monaya,80.0,Eyebrow,6973373041502
48.0,Monaya Foundation 30 ml 1×3 No. 201 M,85.0,Foundation,6973373040284
48.0,Monaya Foundation 30 ml 1×3 No. 203 M,85.0,Foundation,6973373040307
48.0,Monaya Foundation 30 ml 1×3 No. 204 M,85.0,Foundation,6973373040314
48.0,Monaya Foundation 30 ml 1×3 No. 206 M,85.0,Foundation,6973373040338
44.0,Monaya Foundation 30 ml No. 301 Mona,80.0,Foundation,6973373040345
44.0,Monaya Foundation 30 ml No. 302 Mona,80.0,Foundation,6973373040352
44.0,Monaya Foundation 30 ml No. 303 Mona,80.0,Foundation,6973373040369
48.0,Monaya Foundation 30 ml No. 304 Mona,85.0,Foundation,6973373040376
44.0,Monaya Foundation 30 ml No. 305 Mona,80.0,Foundation,6973373040383
44.0,Monaya Foundation 30 ml No. 306 Mona,80.0,Foundation,6973373040390
41.0,Monaya I Love E black mascara,70.0,Mascara,6973373040581
41.0,Monaya I Love E mascara blue,70.0,Mascara,6973373040598
51.0,Monaya Li Light Powder No. 101,90.0,Foundation,6973373040529
51.0,Monaya Li Light Powder No. 102 Monaya Li,90.0,Foundation,6973373040536
51.0,Monaya Li Light Powder No. 103 Monaya Li,90.0,Foundation,6973373040543
51.0,Monaya Li Light Powder No. 104 Monaya Li,90.0,Foundation,6973373040550
52.0,Monaya Lip Gloss Double No. 301 Monaya,90.0,Lipstick,6973373041939
52.0,Monaya Lip Gloss Double No. 302 Monaya,90.0,Lipstick,6973373041946
52.0,Monaya Lip Gloss Double No. 303 Monaya,90.0,Lipstick,6973373041953
52.0,Monaya Lip Gloss Double No. 304 Monaya,90.0,Lipstick,6973373041960
52.0,Monaya Lip Gloss Double No. 305 Monaya,90.0,Lipstick,6973373041977
52.0,Monaya Lip Gloss Double No. 306 Monaya,90.0,Lipstick,6973373041984
80.0,Monaya Liquid Foundation 30 ml No. 101 M,145.0,Foundation,6973373040222
80.0,Monaya Liquid Foundation 30 ml No. 102 M,145.0,Foundation,6973373040239
80.0,Monaya Liquid Foundation 30 ml No. 103 M,145.0,Foundation,6973373040246
80.0,Monaya Liquid Foundation 30 ml No. 104 M,145.0,Foundation,6973373040253
80.0,Monaya Liquid Foundation 30 ml No. 106 M,145.0,Foundation,6973373040277
30.0,Monaya Long Matte Rouge No. 201,50.0,Lipstick,6973373040918
30.0,Monaya Long Matte Rouge No. 202,50.0,Lipstick,6973373040925
30.0,Monaya Long Matte Rouge No. 203,50.0,Lipstick,6973373040932
30.0,Monaya Long Matte Rouge No. 204,50.0,Lipstick,6973373040949
30.0,Monaya Long Matte Rouge No. 209,50.0,Lipstick,6973373040994
57.0,Monaya M Thickening Powder No. 101,100.0,Loose Powder,6973373040482
71.0,Monaya Matte Blush No. 101 Monaya,125.0,Blusher,6973373040406
71.0,Monaya Matte Blush No. 102 Monaya,125.0,Blusher,6973373040413
71.0,Monaya Matte Blush No. 103 Monaya,125.0,Blusher,6973373040420
71.0,Monaya Matte Blush No. 104 Monaya,125.0,Blusher,6973373040437
33.0,Monaya Matte Rouge Matt No.105,60.0,Lipstick,6973373040833
33.0,Monaya Matte Rouge No. 101 Monaya Matt,60.0,Lipstick,6973373040796
33.0,Monaya Matte Rouge No. 102 Monaya Matt,60.0,Lipstick,6973373040802
33.0,Monaya Matte Rouge No. 103 Monaya Matt,60.0,Lipstick,6973373040819
33.0,Monaya Matte Rouge No. 104 Monaya Matt,60.0,Lipstick,6973373040826
33.0,Monaya Matte Rouge No. 106 Monaya Matt,60.0,Lipstick,6973373040840
33.0,Monaya Matte Rouge No. 107 Monaya Matt,60.0,Lipstick,6973373040857
33.0,Monaya Matte Rouge No. 108 Monaya Matt,60.0,Lipstick,6973373040864
33.0,Monaya Matte Rouge No. 109 Monaya Matt,60.0,Lipstick,6973373040871
33.0,Monaya Matte Rouge No. 110 Monaya Matt,60.0,Lipstick,6973373040888
33.0,Monaya Matte Rouge No. 111 Monaya Matt,60.0,Lipstick,6973373040895
33.0,Monaya Matte Rouge No. 112 Monaya Matt,60.0,Lipstick,6973373040901
30.0,Monaya Matte Rouge No. 205 Monaya Long,50.0,Lipstick,6973373040956
30.0,Monaya Rouge Matte No. 206 Monaya Long,50.0,Lipstick,6973373040963
30.0,Monaya Rouge Matte No. 207 Monaya Long,50.0,Lipstick,6973373040970
30.0,Monaya Rouge Matte No. 208 Monaya Long,50.0,Lipstick,6973373040987
30.0,Monaya Rouge Matte No. 210 Monaya Long,50.0,Lipstick,6973373041007
30.0,Monaya Rouge Matte No. 211 Monaya Long,50.0,Lipstick,6973373041014
30.0,Monaya Rouge Matte No. 212 Monaya Long,50.0,Lipstick,6973373041021
100.0,Monaya The Por Primer 22 ml,175.0,Primer,6973373041496
57.0,Monaya Thickening Powder No. 102 Monaya M,100.0,Loose Powder,6973373040499
57.0,Monaya Thickening Powder No. 103 Monaya M,100.0,Loose Powder,6973373040505
57.0,Monaya Thickening Powder No. 104 Monaya M,100.0,Loose Powder,6973373040512
52.0,Monaya double liquid lipstick No. 311 Monaya,90.0,Lipstick,6973373042035
48.0,Monaya foundation 30 ml 1×3 No. 202 M,85.0,Foundation,6973373040291
48.0,Monaya foundation 30 ml 1×3 No. 205 M,85.0,Foundation,6973373040321
80.0,Monaya liquid foundation 30 ml No. 105 M,145.0,Foundation,6973373040260
73.0,Mood Bali Body Lotion,115.0,Skin care,6223007903325
65.0,Mood Body Cream 200 ml Bali,115.0,Skin care,6223007902731
65.0,Mood Body Cream 200 ml Santorini,115.0,Skin care,6223007902762
140.0,Mood Body Splash Bali (Blue),235.0,Hygiene,6223007903172
140.0,Mood Body Splash Cairo (Yellow),235.0,Hygiene,6223007903189
140.0,Mood Body Splash Hawaii (Pink),235.0,Hygiene,6223007903165
140.0,Mood Body Splash Khaliji (Beige),235.0,Hygiene,6223007903219
140.0,Mood Body Splash Latino (Red),235.0,Hygiene,6223007903226
140.0,Mood Body Splash Santorini (Purple),235.0,Hygiene,6223007903196
140.0,Mood Body Splash Tahiti (Green),235.0,Hygiene,6223007903233
73.0,Mood Cairo Body Lotion ,115.0,Skin care,6223007903332
57.5,Mood Shower Gel Pink,105.0,Shower Gel,6224008878896
65.0,Mood body cream 200 ml Cairo,115.0,Skin care,6223007902748
65.0,Mood body cream 200 ml Khaliji,115.0,Skin care,6223007902786
65.0,Mood body cream 200 ml Latino,115.0,Skin care,6223007902793
65.0,Mood body cream 200 ml Vienna,115.0,Skin care,6223007902779
73.0,Mood lotion 150g Latino,130.0,Skin care,6223007903387
252.0,Mood lotion set 150 ml + body splash 17,440.0,Skin care,6223007903417
252.0,Mood lotion set 150 ml + body splash 17,440.0,Skin care,6223007903431
252.0,Mood lotion set 150 ml + body splash 17,440.0,Skin care,6223007903479
252.0,Mood lotion set 150 ml + body splash 17,440.0,Skin care,6223007903455
252.0,Mood lotion set 150 ml + body splash 17,440.0,Skin care,6223007903462
58.0,Mood shower gel 750 ml with shea butter and joe oil,105.0,Shower Gel,6224008878919
58.0,Mood shower gel 750 ml with shea butter and joe oil,105.0,Shower Gel,6224008878872
58.0,Mood shower gel 750 ml with shea butter and joe oil,105.0,Shower Gel,6224008878889
58.0,Mood shower gel 750 ml with shea butter and joe oil,105.0,Shower Gel,6223007902267
58.0,Mood shower gel 750 ml with shea butter and joe oil,105.0,Shower Gel,6223007902274
58.0,Mood shower gel 750 ml with shea butter and joe oil,105.0,Shower Gel,6224008878902
121.0,Motion skin wash 236 ml with shea butter and L,215.0,Skin care,087300274027
59.0,NN Spray 150 ml for men Avantos,105.0,Hygiene,8699990512574
59.0,NN Spray 150 ml for men Azaro,105.0,Hygiene,8699990512536
59.0,NN Spray 150 ml for men Ice Mint,105.0,Hygiene,8699990512567
59.0,NN Spray 150 ml for women Azaro,105.0,Hygiene,8699990512710
59.0,NN Spray for Women 150 ml Blue Lad,105.0,Hygiene,8699990512581
59.0,NN Spray for men 150 ml Eros,105.0,Hygiene,8699990512550
59.0,NN Spray for men 150 ml Look,105.0,Hygiene,8699990512727
59.0,NN Spray for women 150 ml Elegant,105.0,Hygiene,8699990512604
59.0,NN Spray for women 150 ml Invisible,105.0,Hygiene,8699990512666
59.0,NN Spray for women 150 ml Nargis Ro,105.0,Hygiene,8699990512659
37.0,Neutrogena skin mask 30 ml detox for the skin,65.0,Skin care,3574661400037
152.0,Nike Spray 200 ml for women Nike A Sp,265.0,Hygiene,8414135869678
152.0,Nike Spray 200 ml for women Nike Up O,265.0,Hygiene,8414135255655
152.0,Nike spray 200 ml for women Nike Ultra,265.0,Hygiene,8414135873750
128.0,Nitro Canada Collagen Whitening Sunscreen Cream 100 grams,230.0,Skin care,8859362507052
128.0,Nitro Canada skin cream 100 ml to prevent acne,230.0,Skin care,8857101158237
212.0,Nivea Stick 50 ml for women Fresh N 1×3,370.0,Hygiene,4005900908131
212.0,Nivea Stick 50 ml for women Pearl & 1×3,370.0,Hygiene,4005900908100
445.0,Nivea Sun Block 200 ml Nivea Sun Pro,760.0,Skin care,4005900132222
445.0,Nivea Sun Block 200 ml Nivea Sun Pro,760.0,Skin care,4005900129901
192.5,Nivea Sun Block Spray 200 ml Nivea M,340.0,Skin care,5025970022918
253.0,Nivea makeup remover 125 ml for natural lightening,440.0,Skin care,4005900250445
253.0,Nivea makeup remover 125 ml with double effect,440.0,Skin care,4005808571512
212.0,Nivea stick 50 ml for women black & 1×3,370.0,Hygiene,4005900908049
33.0,ORS Olive Oil Polishing Spray 85 ml O,60.0,Hygiene,6291069732474
165.0,Olay Cream overnight,260.0,Skin care,8001090479839
165.0,Olay Natural White Glowing Fairness Day Cream,260.0,Skin care,5011321868175
146.0,Olay Regenerist Anti-Aging Night Cream,270.0,Skin care,8001090527813
124.0,Olay Total Effects 7-In-1 Fragrance-Free UV Protection Treatment SPF 15,230.0,Skin care,8001090457189
216.0,Olay Total Effects 7-in-1 BB Cream,400.0,Skin care,8001090415752
189.0,Olay Total Effects 7-in-1 Night Cream,350.0,Skin care,8001090177797
124.0,Olay Total Effects 7-in-1 Night Firming Cream,230.0,Skin care,8001090456762
189.0,Olay Total Effects 7-in-1 SPF15 Anti-Aging Day Cream,350.0,Skin care,8001090177766
116.0,On Line Pedicure Salt 800g with Lavender O,200.0,Skin care,5903116736731
116.0,On Line pedicure salt 800 grams with milk and,200.0,Skin care,5903116736694
116.0,Online pedicure salt 800 grams with L,200.0,Skin care,5903116736632
116.0,Online pedicure salt 800 grams with pine nuts,200.0,Skin care,5903116736670
214.5,Organics Shampoo 385 ml Coconut Mil,375.0,Shampoo,022796910059
465.0,Pacific Islands Whitening Deodorant Roll-On With SPF 50+,720.0,Skin care,5281018716250
51.0,Palmer's Hair Cream 50g Hair Silk Tube,90.0,Hair,010181066726
51.0,Palmer's Hair Cream Styling 50g Tube,90.0,Hair,010181066825
51.0,Palmer's hair cream 50 grams with ANBO olive oil,90.0,Hair,010181025020
51.0,"Palmer's hair cream 50 grams with bergamot, tube",90.0,Hair,010181021022
171.75,Pantene Beautiful length conditioner 355 ml,300.0,Conditioner,080878171019
171.75,Pantene Breakage Defen Conditioner 355 ml,300.0,Conditioner,080878042265
171.75,Pantene Classic Clean Conditioner 355 ml,300.0,Conditioner,080878008995
171.75,Pantene Curl Perfection Conditioner 355 ml,300.0,Conditioner,080878042302
171.75,Pantene Curl Refection Shampoo 375 ml,300.0,Shampoo,080878042289
171.75,Pantene Daily Moisture Shampoo 375 ml,300.0,Shampoo,080878171262
175.0,Pantene Oil Replacement Anti Hair Fall,275.0,Hair,8001090151001
175.0,Pantene Oil Replacement Milky Damage Repair,275.0,Hair,8001090150981
175.0,Pantene Oil Replacement Sheer Volume,275.0,Hair,8001090151858
198.0,Pantene Oil Replacement Smooth & Silky,310.0,Hair,8001090258472
171.75,Pantene Radiant Color S Shampoo 375 ml,300.0,Shampoo,080878042357
171.75,Pantene Radiant Color V Conditioner 355 ml,300.0,Conditioner,080878042364
171.75,Pantene Radiant Color V Shampoo 375 ml,300.0,Shampoo,080878042333
171.75,Pantene Repair & Protec Conditioner 355 ml,300.0,Conditioner,080878172061
171.75,Pantene Shampoo 375 ml Breakage Defen,300.0,Shampoo,080878042234
171.75,Pantene Shampoo Classic Clean 375 ml,300.0,Shampoo,080878002184
171.75,Pantene Sheer Volume Conditioner 355 ml,300.0,Conditioner,080878042197
171.75,Pantene Sheer Volume Shampoo 375 ml,300.0,Shampoo,080878042166
171.75,Pantene Smooth & Sleek Conditioner 355ml,300.0,Conditioner,080878042258
169.0,Pantene Volum shampoo 250 ml,300.0,Shampoo,8001841227535
169.0,Pantene Volum shampoo 250 ml,300.0,Shampoo,8001841227627
249.0,Peace shampoo 300 ml for gray and white hair,435.0,Shampoo,8012689104063
102.0,Pearce Shower 500 ml with Pear Mint Extract,180.0,Shower Gel,6281006485488
63.0,Pears soap 125 grams yellow,110.0,Skin care,5017306008321
63.0,"Pears soap 125 grams, blue Pears",110.0,Skin care,8901030024023
63.0,"Pears soap, 125 grams, green Pears",110.0,Skin care,8901030005176
102.0,Perse Shower 500 ml with Pea Lemon Extract,180.0,Shower Gel,859581006686
142.0,Pond's Foam Cream 100g for Pond's skin,245.0,Skin care,8999999058340
142.0,Pond's Foam Cream 100g for Pond's skin,245.0,Skin care,8999999053062
142.0,Pond's Foam Cream 100g for Pond's skin,245.0,Skin care,8999999053079
142.0,Pond's Foam Cream 100g for Pond's skin,245.0,Skin care,8999999053048
142.0,Pond's Foaming Cleanser 100g with Aloe Vera P,245.0,Skin care,4800888223104
142.0,Pond's Scrub 100 grams for radiant beauty,245.0,Skin care,8999999053055
142.0,Pond's skin foam wash 100g against bacteria,245.0,Skin care,8999999566838
142.0,Pond's skin foaming cleanser 100g with orange,245.0,Skin care,4800888223111
142.0,Pond's skin foaming serum 100 grams for fresh skin,245.0,Skin care,8999999562182
142.0,Pond's skin foaming serum 100 grams for radiant skin,245.0,Skin care,8999999562199
126.0,Popeye Sun Block Cream 50g for dry skin,220.0,Skin care,6223012632647
79.0,Popeye Sun Block Cream 50g for dry skin,165.0,Skin care,6224000547127
133.0,Popeye sun block lotion 120 grams for all types,235.0,Skin care,6224008059837
17.0,Pororo skin exfoliating sponge,35.0,Skin care,6970397130015
25.0,Pretty Woman Nail Polish Remover 60ml,60.0,Nail Polish,21082400037
125.0,Prive 250ml body splash for her,245.0,Hygiene,6291103669117
125.0,Prive 250ml body splash for her,245.0,Hygiene,6291108523100
125.0,Prive 250ml body splash for her,245.0,Hygiene,6291108523155
125.0,Prive 250ml body splash for her,245.0,Hygiene,6291108523179
125.0,Prive 250ml body splash for her,245.0,Hygiene,6291108522936
125.0,Prive 250ml body splash for her,245.0,Hygiene,6291108522929
125.0,Prive 250ml body splash for her,245.0,Hygiene,6291103669131
107.0,Prive 250ml spray for her,210.0,Hygiene,6291108522189
107.0,Prive 250ml spray for her,210.0,Hygiene,6291108522110
107.0,Prive 250ml spray for her,210.0,Hygiene,6291108522240
107.0,Prive 250ml spray for her,210.0,Hygiene,6291108522103
216.0,Prodigy dye number 1 black,375.0,Hair,3600522599388
216.0,Prodigy hair dye No. 6.60 light red - ruby,375.0,Hair,3600522599227
216.0,Prodigy hair dye no. 4.0 brown,375.0,Hair,3600522599340
216.0,Prodigy hair dye no. 7.0 almond blond,375.0,Hair,3600522599210
325.0,Professionnel Serie Expert - SensiBalance Sorbitol Soothing Dermo-Protector Shampoo,475.0,Shampoo,3474636505593
325.0,Professionnel Serie Expert - Volumetry Salicylic Acid Anti-Gravity Effect Volume Shampoo,475.0,Shampoo,3474636505876
68.0,Purderm Illuminating Cream Sheet Mask,130.0,Skin care,8809738320341
108.0,Purederm Exfoliating Foot Mask 1 Pair,180.0,Skin care,8809052588519
89.0,Purederm Miracle Solution Micro Fill Patch Under Eye 2 Patches,285.0,Skin care,8809541191985
59.0,Purederm Skin Brightening Mud Sheet Mask,110.0,Skin care,8809738320105
65.0,Purederm hand mask moisture and nourishing,115.0,Skin care,8809052592332
118.0,RadianB Shower Foam 750ml,210.0,Shower Gel,5011309144215
68.0,Radox Liquid Handwash,115.0,Hygiene,8720181049200
90.0,Radox Shower Gel + Shampoo Citrus Oils & Eucalyptus 250ml,155.0,Shower Gel,5000231049941
102.0,Radox Shower Gel + Shampoo Sea Minerals & Fennel 250ml,180.0,Shower Gel,5000231049927
114.0,Radox Shower Gel + Shampoo Sea Salt & Lemongrass 250ml,200.0,Shower Gel,5000231049873
114.0,Remy Marquis Spray 175 ml French for men,200.0,Hygiene,3700082500111
114.0,Remy Marquis Spray 175 ml French for men,200.0,Hygiene,3700082500142
220.0,Revlon Shampoo 300 ml Revlon Uniq o,385.0,Shampoo,8432225074313
716.0,Revolution Forever Flawless Eyeshadow Palette - Allure,1035.0,Eye Shadow,5057566165686
716.0,Revolution Forever Flawless Eyeshadow Palette - Desert Desire,1035.0,Eye Shadow,5057566581929
716.0,Revolution Forever Flawless Eyeshadow Palette - Regal Romance,1035.0,Eye Shadow,5057566556125
178.0,Revolution Matte Makeup Setting Powder Revolu,310.0,Loose Powder,5057566479356
178.0,Revolution Relove Color Play Blushed Blush and highlighter duo Cute,255.0,Blusher,5057566479240
178.0,Revolution Relove Color Play Blushed Blush and highlighter duo Daydream,255.0,Blusher,5057566479257
178.0,Revolution Relove Color Play Blushed Blush and highlighter duo Queen,255.0,Blusher,5057566479233
178.0,Revolution Relove Color Play Blushed Blush and highlighter duo Sweet,255.0,Blusher,5057566511209
178.0,Revolution Relove Color Play Contour Trio Palette Baked Sugar,255.0,Contour,5057566479615
178.0,Revolution Relove Color Play Contour Trio Palette Bronze Sugar,255.0,Contour,5057566479622
302.0,Revolution makeup fixing spray 100 ml,515.0,Skin care,5029066056207
178.0,Revolution mascara and eyebrow gel,310.0,Mascara,5057566479844
212.0,Revolution pressed powder,370.0,Loose Powder,5057566656955
212.0,Revolution pressed powder,370.0,Loose Powder,5057566656948
212.0,Revolution pressed powder,370.0,Loose Powder,5057566656931
110.0,"Rexona spray 150 ml for women, 72 hours",195.0,Hygiene,6221155155023
110.0,"Rexona spray 150 ml for women, 72 hours",195.0,Hygiene,6221155155207
110.0,"Rexona spray 150 ml for women, 72 hours",195.0,Hygiene,6221155201829
110.0,"Rexona spray 150 ml for women, 72 hours",195.0,Hygiene,6221155201867
510.0,Rimmel Concealer No. 048 Rimmel The M,740.0,Concealer,3616305120915
510.0,Rimmel Concealer No. 055 Rimmel The M,740.0,Concealer,3616305120922
510.0,Rimmel Concealer No. 070 Rimmel The M,740.0,Concealer,3616301273219
361.0,Rimmel Eyes On You Set Scandle Eye Liner Traceur+Scandle Eye Waterproof Kajal 01 Black,555.0,Eye Liner,3616304643989
552.0,Rimmel London Day 2 Night Mascara + Scandaleyes Auto Eye Definer,845.0,Mascara,3616303408497
357.0,Rimmel London Scandal'Eyes Waterproof Kohl Kajal Eyeliner,560.0,Eye Liner,3616305582058
765.0,Rimmel London The Multi-Tasker Concealer 050 Sand,1170.0,Concealer,3616305582041
765.0,Rimmel London The Multi-Tasker Concealer 060 Nude,1170.0,Concealer,3616305582034
510.0,Rimmel The Multi-Tasker Concealer 060 Nude ,740.0,Concealer,3616301273110
63.0,Rivage mouth freshener 20 ml spray with fennel (empty).,110.0,Hygiene,5060453455678
8.0,Ronza makeup removing wipes 25 walnut wipes,15.0,Skin care,6224009893676
10.0,Ronza makeup removing wipes 25 wipes with aloe vera R,20.0,Skin care,6224009893683
240.0,SHEGLAM Brow-Fection Angled Brush & Dip - Auburn,455.0,Eyebrow,6977208190205
240.0,SHEGLAM Brow-Fection Angled Brush & Dip - Chocolate,455.0,Eyebrow,6977208190212
240.0,SHEGLAM Brow-Fection Angled Brush & Dip - Espresso,455.0,Eyebrow,6977208190229
240.0,SHEGLAM Brow-Fection Angled Brush & Dip - Taupe,455.0,Eyebrow,6977208190199
485.0,SHEGLAM COMPLEXION PRO LONG LASTING BREATHABLE MATTE FOUNDATION NUDE,755.0,Foundation,6971053498301
485.0,SHEGLAM COMPLEXION PRO LONG LASTING BREATHABLE MATTE FOUNDATION SAND,755.0,Foundation,6971053498318
210.0,SHEGLAM Chroma Zone Multichrome Gel Liner,365.0,Eye Liner,6973072801759
242.0,SHEGLAM Dual Eye Liner Black,410.0,Eye Liner,6973072803012
1100.0,SHEGLAM Ember Rose Lip Gloss Set,1885.0,Lipstick,6971053498059
250.0,SHEGLAM Flutter Wink Volumizing Mascara - 6.3ml,415.0,Mascara,6971053497618
240.0,SHEGLAM Hot Cocoa Lip Gloss Plumber,455.0,Lipstick,6931611314153
240.0,SHEGLAM Hot Stuff Lip Gloss Plumber,455.0,Lipstick,6931611314115
235.0,SHEGLAM Like Magic 12HR Full Coverage Concealer (SAND),365.0,Concealer,6971053496741
235.0,SHEGLAM Like Magic Color Concealer Blue,365.0,Concealer,6971053497069
235.0,SHEGLAM Like Magic Color Concealer Yellow,365.0,Concealer,6971053497021
242.0,SHEGLAM Liquid Brow Pen Frida Kahlo Taupe,410.0,Eyebrow,6973072803906
330.0,SHEGLAM Lunar Glow Highlighter,570.0,Highlighter,6973474683854
240.0,SHEGLAM Maken'n Me Blush Lip Gloss Plumber,430.0,Lipstick,6931611300538
310.0,SHEGLAM Matte Allure Mini Liquid Lipstick Set,585.0,Lipstick,6971053493351
250.0,SHEGLAM Mini Matte Lipstick Set Novo Set,440.0,Lipstick,6936410600339
242.0,SHEGLAM Tan Tilizing Lip Gloss,410.0,Lipstick,6972421570889
242.0,"SHEGLAM Waterproof 2-in-1 Eyebrow Pencil
",410.0,Eyebrow,6973072801100
98.0,SOSU Rose Foot Peeling Pack - Lavender,165.0,Skin care,4582174746404
98.0,SOSU Rose Foot Peeling Pack - Rose,165.0,Skin care,4582174746398
64.0,Sairo shampoo 400 ml with keratin for all types,110.0,Shampoo,8414227052643
43.0,Sandra Blush Liquid No. Sandra Cosme,80.0,Blusher,6223004482199
528.0,Sanosan Sun Cream 75 ml +50 for children Sa,765.0,Skin care,4003583197682
88.0,She Is A C spray 150 ml for women,155.0,Hygiene,8690973051059
88.0,She Is Ang spray 150 ml for women,155.0,Hygiene,8690973375216
88.0,She Is Coo spray 150 ml for women,155.0,Hygiene,8690973050588
88.0,She Is Love spray 150 ml for women,155.0,Hygiene,8690973050694
88.0,She Is Pre spray 150 ml for women,155.0,Hygiene,8690973051141
88.0,She Is Sex spray 150 ml for women,155.0,Hygiene,8690973050601
242.0,Sheglam Brows On Demand 2-In-1 Brow Pencil Chocolate,410.0,Eye Liner,6973072801117
242.0,Sheglam Brows On Demand 2-In-1 Brow Pencil Espresso,410.0,Eye Liner,6973072801124
242.0,Sheglam Brows On Demand 2-In-1 Brow Pencil Taupe,410.0,Eye Liner,6973072801094
224.0,Sheglam Cheeky Color Jam Rose Meadow,380.0,Blusher,6973474682987
395.0,Sheglam Chroma Glow Bloom Liquid Highlighter Flying Comet,650.0,Highlighter,6971053496260
395.0,Sheglam Chroma Glow Bloom Liquid Highlighter Solar Flare,650.0,Highlighter,6971053496284
395.0,Sheglam Chroma Glow Bloom Liquid Highlighter Stardust,650.0,Highlighter,6971053496277
242.0,Sheglam Color Crush Liquid Eyeliner Call Your Mom,410.0,Eye Liner,6973072801360
242.0,Sheglam Color Crush Liquid Eyeliner Outdoorsy-Ish,410.0,Eye Liner,6973072801971
242.0,Sheglam Color Crush Liquid Eyeliner TMI,410.0,Eye Liner,6973072801346
302.0,Sheglam Complexion Boost Concealer Acorn,520.0,Concealer,6973474683465
302.0,Sheglam Complexion Boost Concealer Nude,520.0,Concealer,6973474683458
302.0,Sheglam Complexion Boost Concealer Shell,520.0,Concealer,6973474683441
224.0,Sheglam Dragon Ranee 4 Colors Lip Gloss,380.0,Lipstick,6941472805134
422.0,Sheglam Dynamatte Boom Long lasting Matte Lipstick Dare To Be,650.0,Lipstick,6971053496000
422.0,Sheglam Dynamatte Boom Long lasting Matte Lipstick Have No Fear,650.0,Lipstick,6971053495973
422.0,Sheglam Dynamatte Boom Long lasting Matte Lipstick It Takes Guts,650.0,Lipstick,6971053496048
422.0,Sheglam Dynamatte Boom Long lasting Matte Lipstick Periodt,650.0,Lipstick,6971053496017
242.0,Sheglam Eye Affinity Waterproof Eyeliner Black,410.0,Eye Liner,6973072801643
242.0,Sheglam Eye Liner Sheglam Care Bear,425.0,Eye Liner,6973072806143
242.0,Sheglam Feather Better Liquid Eyebrow Pencil-Dark Brown,410.0,Eyebrow,6936410600179
488.0,Sheglam Full Coverage Foundation Balm Butterscotch,780.0,Foundation,6973474681560
63.0,Sheglam Full Coverage Foundation Balm Butterscotch,110.0,Foundation,6973474684011
63.0,Sheglam Full Coverage Foundation Balm Chantilly,110.0,Foundation,6973474684073
488.0,Sheglam Full Coverage Foundation Balm Chantilly,780.0,Foundation,6973474681492
488.0,Sheglam Full Coverage Foundation Balm Honey,780.0,Foundation,6973474681553
488.0,Sheglam Full Coverage Foundation Balm Peach,780.0,Foundation,6973474681546
63.0,Sheglam Full Coverage Foundation Balm Peach,110.0,Foundation,6973474684134
63.0,Sheglam Full Coverage Foundation Balm Porcelain,110.0,Foundation,6973474684127
488.0,Sheglam Full Coverage Foundation Balm SAND,780.0,Foundation,6973474681539
488.0,Sheglam Full Coverage Foundation Balm Shell,780.0,Foundation,6973474681508
488.0,Sheglam Full Coverage Foundation Balm WARM VANILLA,780.0,Foundation,6973474681522
63.0,Sheglam Full Coverage Foundation Balm Warm Vanilla,110.0,Foundation,6973474684035
488.0,Sheglam Full Coverage Foundation Nude,780.0,Foundation,6973474681515
242.0,Sheglam Glow Addict Lip Balm Summer Sherbet,410.0,Lipstick,6971053497106
280.0,Sheglam Glow Bloom Liquid Highlighter Bellini Brunch,520.0,Highlighter,6931611300293
288.0,Sheglam Gro-Pro Nourishing Lash Serum Clear,490.0,Eyelash,840030644122
437.0,Sheglam High Liter Body Sheglam Medu,670.0,Highlighter,6959886707883
454.0,Sheglam Highlighter Body Spray Sheglam G,670.0,Highlighter,6971870596730
454.0,Sheglam Highlighter Body Spray Sheglam G,670.0,Highlighter,6971870596747
454.0,Sheglam Highlighter Body Spray Sheglam G,670.0,Highlighter,6971870595955
437.0,Sheglam Highliter Body Sheglam Eros,670.0,Highlighter,6959886707876
242.0,Sheglam Insta-fill Brow Pencil - Dark Brown,410.0,Eyebrow,6973072803036
324.0,Sheglam Matte Alllure Lipstick Crimson Suede,535.0,Lipstick,6972421571114
324.0,Sheglam Matte Alllure Lipstick Don't Call Me Honey,535.0,Lipstick,6972421571183
324.0,Sheglam Matte Allure Lipstick 225 Cabana,535.0,Lipstick,6972421571244
324.0,Sheglam Matte Allure Lipstick Self Made Babe,535.0,Lipstick,6972421571176
242.0,Sheglam Multi-Tasker Line and Detail Eyeliner Pen Black,410.0,Eye Liner,6973072803975
242.0,Sheglam Power Bouquet Lip Gloss - Freesia,410.0,Lipstick,6972421570896
240.0,Sheglam Power Bouquet Lip Gloss - Sunny Sands,410.0,Lipstick,6972421570872
242.0,Sheglam Power Bouquet Lip Gloss See It Through,410.0,Lipstick,6900077077674
167.0,Sheglam Snatch 'n' Glow Stick-Vanilla Frost Highlighter,285.0,Highlighter,6971870596310
437.0,Sheglam Sunkissed Body Highlighter Athena,670.0,Highlighter,6959886707869
385.0,Sheglam Triple Threat Correcting Primer,610.0,Primer,6959612239770
102.0,Simple Shower Foam 400ml Lavender,180.0,Shower Gel,8714100011188
110.0,Simple refreshing shower cream with cucumber,195.0,Shower Gel,8712561828482
114.0,Simple refreshing shower cream with geranium oil,200.0,Shower Gel,8712561828413
113.0,Simple refreshing shower gel with minerals & plant extract,200.0,Shower Gel,8714100011355
146.0,Simple shower gel 500 ml (Pg) with micellar water,255.0,Shower Gel,8714100011379
118.0,Sissa shampoo and conditioner 200 ml with ash extract,210.0,Shampoo,8904319400358
108.0,Skin Doctor Moisturizing Lip Balm,180.0,Skin care,8858854603388
178.0,Skin Doctor Sun Block Cream 170g for face,310.0,Skin care,8858854601254
162.0,Skin Doctor Vitamin C Serum ,260.0,Skin care,8858854603166
585.0,Soap & Glory Face Soap and Clarity 3-In-1 Daily Detox Vitamin C Facial Wash,925.0,Skin care,5000167344509
184.0,Soap & Glory SCRUB GLOVES,310.0,Skin care,5045092995723
435.0,Soap & Glory Sugar Crush Body Buttercream with Shea & Coconut,765.0,Skin care,5000167176957
230.0,Soap and Glory Call of Fruity Fragrance Spritz,365.0,Shampoo,5045098319233
300.0,Soap and Glory Glow Lotion,515.0,Skin care,5045093633648
435.0,Soap and Glory Magnifi-Coco with Coconut & Sweet Vanilla,765.0,Skin care,5000167325683
369.0,Solomart Bath Cream 300 ml with Biotin and L,650.0,Hair,6224010117020
256.0,Solomart Serum 60 ml with biotin and caffeine,450.0,Hair,6224010117150
261.0,Solomart bath cream 200 ml with protein and A,455.0,Hair,6224010117259
207.0,Solomart skin wash 150 ml with ceramide,365.0,Skin care,6224010117228
128.0,Spuma Shower 500ml Aqua,230.0,Shower Gel,8007750013672
210.0,St. Steves scrub 170 grams with green tea,370.0,Skin care,077043358023
210.0,St.Ive's Scrub 170g with Apricot,370.0,Skin care,077043103609
210.0,St.Ive's Scrub 170g with Apricot,370.0,Skin care,077043104507
59.0,StarVille Facial Cleanser Gel,105.0,Skin care,6224010337893
91.0,StarVille Facial Cleanser Gel,165.0,Skin care,6224008059790
153.0,StarVille Facial Cleanser Gel,275.0,Skin care,6224010337909
46.0,StarVille Micellar Water Wipes - 25 Wipes Pack,80.0,Skin care,6223012632289
95.0,StareVille Roll on Orient Pearl Scent ,170.0,Hygiene,6224010337152
103.0,StareVille Roll on Unsceneted ,180.0,Hygiene,6224010337145
129.0,StareVille Tea Tree Skin Hydrating Gel ,170.0,Skin care,6223012631985
95.0,Starville Whitening Roll on Fresh Breeze,170.0,Hygiene,6224010337770
95.0,Starville Whitening Roll on Lavender,170.0,Hygiene,6224008073628
95.0,Starville Whitening Roll on Light Pink with Coconut,170.0,Hygiene,6224010337169
95.0,Starville Whitening Roll on Redberry,170.0,Hygiene,6224010337763
95.0,Starville Whitening Roll on Sweet Vanilla,170.0,Hygiene,6224010337756
388.0,Steve's Collagen Cream 283g Moisturizer Ren,585.0,Skin care,077043104736
152.0,Steve's Shower 400 ml Radiant Skin Pi,265.0,Shower Gel,077043355992
210.0,Steve's scrub 170 grams with aloe vera and aloe vera water,370.0,Skin care,077043002339
210.0,Steve's scrub 170 grams with coffee and coconut,370.0,Skin care,077043003466
210.0,Steve's scrub 170 grams with lemon and mandarin,370.0,Skin care,077043357644
210.0,Steve's shower 650 ml with citrus fruits and almonds,370.0,Shower Gel,077043002117
150.0,Suav Shower 443 ml Violet Flower,265.0,Shower Gel,079400848604
150.0,Suave Conditioner 373 ml Rosemary & Mint S,265.0,Conditioner,079400066640
125.0,Suave Ho honey shampoo 373 ml,220.0,Shampoo,079400642912
150.0,Suave Ocean B Shower 443 ml,265.0,Shower Gel,079400835000
112.0,Suave conditioner 355 ml with strawberries and vitamin Su,195.0,Conditioner,079400563163
150.0,Suave conditioner 373 ml with berries and egg tea,265.0,Conditioner,079400119544
122.0,Suave shower 532 ml for men for all types of hair,215.0,Shower Gel,079400323712
83.0,Sunsilk Honey Anti-Breakage Oil Replacement,130.0,Hair,6281006453043
83.0,Sunsilk Oil Replacement Coconut Moisture,130.0,Hair,6281006453029
552.0,Super Stay Vinyl Ink Liquid Lipstick,805.0,Lipstick,30147508
552.0,Super Stay Vinyl Ink Liquid Lipstick,805.0,Lipstick,30145559
147.0,TRESemmé Damage Repair Shampoo 400ml,260.0,Shampoo,8710447224250
124.0,TRESemmé Keratin Smooth Conditioner 250 ml tube,215.0,Conditioner,8712561283021
127.0,TRESemmé conditioner 500 ml for dry and damaged hair,220.0,Hair,5012254061206
110.0,TRESemmé shampoo 250 ml tube with Kera Smooth,195.0,Shampoo,8712561282093
127.0,TRESemmé shampoo 500 ml for dry and damaged hair,220.0,Shampoo,5012254060834
319.0,Top Face Contour Stick No. 001 Top Fa,560.0,Contour,8681217241671
289.0,Top Face Eye Liner Gel No. 004 Top Fac,505.0,Eyebrow,8681217235472
289.0,Top Face Eye Pro Gel No. 002 Top Face,505.0,Eyebrow,8681217221604
289.0,Top Face Eye Pro Gel No. 003 Top Face,505.0,Eyebrow,8681217221611
102.0,Touch Me Please Polishing Tooth Powder Fast Stain Remover - Clove,180.0,Hygiene,8697417440868
102.0,Touch Me Please Polishing Tooth Powder Fast Stain Remover - Frutix,180.0,Hygiene,8697417440851
102.0,Touch Me Please Polishing Tooth Powder Fast Stain Remover - Smokers,180.0,Hygiene,8697417440844
102.0,Touch of Silver Shampoo 200 ml for dry hair,180.0,Shampoo,5012008467605
147.0,Tresem Shampoo 400 ml with Biotin,260.0,Shampoo,8710447224175
122.0,Tresemm Conditioner 400 ml with Biotin,215.0,Conditioner,8710447224205
70.0,"Trichup Shampoo 400 ml, healthy, long and strong",125.0,Shampoo,6224008311355
70.0,Trichup shampoo 400 ml to prevent hair loss T,125.0,Shampoo,6224008311348
70.0,Trichup shampoo 400 ml with Tri black seed,125.0,Shampoo,6224008311331
265.0,UNIC Sweet Vanilla Hair Perfume,390.0,Hair,3760104912315
135.0,Vaseline Body Lotion 200 ml Vaseline A,235.0,Skin care,8712561478762
135.0,Vaseline Body Lotion 200 ml Vaseline C,235.0,Skin care,8712561483094
135.0,Vaseline Body Lotion 200 ml Vaseline e,235.0,Skin care,8712561479806
285.0,Vaseline Body Oil 200 ml with Cocoa Butter Vas,500.0,Skin care,8886467039997
108.0,Vaseline Cream 75 ml tube without scent for care,190.0,Skin care,8712561480307
102.0,Vaseline Lip Balm Tin Jar Rose,155.0,Skin care,50064861
105.0,Vaseline Lip BalmJar - Creme Brulee,170.0,Skin care,305210464728
90.0,Vaseline Lip Therapy Cocoa Butter Lip Balm,140.0,Skin care,859581006877
90.0,Vaseline Lip Therapy Original Lip Balm,140.0,Skin care,859581006846
105.0,Vaseline Lip Therapy Rosy Lips Jar,170.0,Skin care,305210231597
90.0,Vaseline Lip Therapy Rosy Lips Lip Balm,140.0,Skin care,859581006853
124.0,Vaseline Lip Therapy Rosy Tinted Lip Balm Tube,180.0,Skin care,8720181061714
105.0,Vaseline Lip balm Jar - Original,170.0,Skin care,305210206779
135.0,Vaseline Lotion 200 ml Vaseline Bright,235.0,Skin care,8999999003043
135.0,Vaseline Lotion 200 ml Vaseline Perfec,235.0,Skin care,8999999024789
135.0,Vaseline lotion 200 ml for hands and nails Vas,235.0,Skin care,8712561485548
209.0,"Vaseline lotion 200 ml tube, uniform color",365.0,Skin care,6281006606081
209.0,"Vaseline lotion 200 ml tube, uniform color",365.0,Skin care,6281006606104
246.0,Venus Bounty Peeling Cream 600 grams for the face,430.0,Skin care,5285003142635
246.0,Venus Bounty Scrub Cream 600 grams for the body,430.0,Skin care,5285003142550
370.0,Victoria's Secret Aqua Ki Lotion 236ml,650.0,Skin care,667548879361
370.0,Victoria's Secret Blushing Berry Magnolia Body Lotion,585.0,Skin care,667553270092
370.0,Victoria's Secret Coconut Passion Sunkissed Body Lotion,585.0,Skin care,667552953316
370.0,Victoria's Secret Diamond Petals Body Lotion,585.0,Skin care,667550528578
370.0,Victoria's Secret Dreamy Plum Dahlia Body Lotion,585.0,Skin care,667553270528
370.0,Victoria's Secret Glitter Lotion 236ml Coc,650.0,Skin care,667550964710
370.0,Victoria's Secret Glitter Lotion 236ml Pla,650.0,Skin care,667550528561
370.0,Victoria's Secret Gold Struck Body Lotion,585.0,Skin care,667550528585
370.0,Victoria's Secret Lotion 236ml Capri Le,650.0,Skin care,667551556020
370.0,Victoria's Secret Lotion 236ml Coconu,650.0,Skin care,667551556426
370.0,Victoria's Secret Lotion 236ml Pomegr,650.0,Skin care,667551556433
370.0,Victoria's Secret Lotion 236ml Tropica,650.0,Skin care,667551556099
370.0,Victoria's Secret Passion Lotion 236ml,650.0,Skin care,667551003203
370.0,Victoria's Secret Velvet Petals Sunkissed Body Lotion,585.0,Skin care,667551584351
170.0,Wet n Wild Megaglo Highlighting Powder Blossom Glow,260.0,Highlighter,4049775001214
157.25,Wet n Wild Ultimate Brow Kit Ash Brown,240.0,Eyebrow,4049775596307
62.0,XBC Black Tissue Charcoal Detox Facial Mask 1,135.0,Skin care,5060120167804
154.0,XBC Shower Cream with coconut water,275.0,Shower Gel,5060120166449
39.0,Yoko spa salt 300 ml with milk to lighten the skin,70.0,Shower Gel,8853976000800
55.0,Yolo Acetone 135 ml Aqua,100.0,Nail Polish,6223008190823
55.0,Yolo Acetone 135 ml Banana,100.0,Nail Polish,6223008190830
55.0,Yolo Acetone 135 ml Green Apple,100.0,Nail Polish,6224007842966
55.0,Yolo Acetone 135 ml Peach,100.0,Nail Polish,6224007842973
55.0,Yolo Acetone 135 ml Strawberry,100.0,Nail Polish,6224007842942
55.0,Yolo Acetone 135 ml Sunset,100.0,Nail Polish,6223008190779
55.0,Yolo Nail Polish 10 ml No. 101 Yolo,100.0,Nail Polish,6224007840016
55.0,Yolo Nail Polish 10 ml No. 102 Yolo,100.0,Nail Polish,6224007840023
55.0,Yolo Nail Polish 10 ml No. 146 Yolo,100.0,Nail Polish,6224007840467
55.0,Yolo Nail Polish 10 ml No. 179 Yolo,100.0,Nail Polish,6224007840795
55.0,Yolo Nail Polish 10 ml No. 205 Yolo,100.0,Nail Polish,6224008762195
55.0,Yolo Nail Polish 10 ml No. 214 Yolo,100.0,Nail Polish,6224008762324
55.0,Yolo Nail Polish 10 ml No. 221 Yolo,100.0,Nail Polish,6224008762362
55.0,Yolo Nail Polish 10 ml No. 229 Yolo,100.0,Nail Polish,6223008190113
55.0,Yolo Nail Polish 10 ml No. 243 Yolo,100.0,Nail Polish,6224008762638
65.0,Yolo Ridge Nail Filler 10 ml No. 6 Yolo,115.0,Nail Polish,6224008762690
65.0,Yolo nail calcium 10 ml No. 3 Yolo,115.0,Nail Polish,6224007840979
65.0,Yolo nail strengthener 10 ml No. 2 Yolo,115.0,Nail Polish,6224007840986
70.0,Yolo nail therapy 10 ml No. 12 Yolo,125.0,Nail Polish,6223008190045
248.0,Zero Frizz Triple Butter Hair Serum,435.0,Hair,6223009501277
248.0,Zero Frizz Triple Keratin Hair Serum,435.0,Hair,6223009501260